node;0;30;40;50;60;70;80;90;100;110;120;130;140;150;160;170;180;220;221
0;;;;;1.7708117454232193;21.883847446410304;;;13.069001941850164;19.52890029447423;;3.0505017888346515;;;;;;;1000
1;;;;;15.147809635358811;5.534070897458805;;;3.3049391101055825;0.13375032587276425;;0.771422539550057;;;;;;;1000
2;;;;;0.16770733263307688;2.0725419810842194;;;1.237719063875063;0.05009028082424602;;0.2889022616436396;;;;;;;1000
3;;;;;0.9377569660830408;11.588883143908214;;;6.9208641982401895;0.28008620159001973;;1.6154338878324916;;;;;;;1000
4;;;;119.10000000000001;0.5737948866727488;7.091007724525609;;;4.234739524137066;0.1713791911045261;;0.9884519530341519;;;;;;;1000
5;;;;;1.3005743672825765;16.072612529188564;;;9.59854088130314;0.3884513233093517;;2.240443934349326;;;;;;;1000
6;;;;;0.6701713172191132;8.282036137883082;;;4.9460199644291505;0.20016459002007536;;1.1544755151338706;;;;;;;1000
7;;;;;0.7109770598203339;8.786317097352988;;;5.247175821720201;0.2123523165436914;;1.22476982570724;;;;;;;1000
8;;;;;1.6360799220308984;20.21881971157925;123.0;;148.07464979454022;0.48865903153285806;;2.8184050290669997;;;;;;;1000
9;;;;;0.28231615140175914;3.488887853212882;;;2.083558763612929;0.08432127017292616;;0.48633398050008686;;;;;;;1000
10;;;;;0.5393042316349772;6.664769173124448;;;3.9801904797062635;0.16107763440137315;;0.929036374182965;;;;;;;1000
11;;;;;0.5158411346321986;6.374810154749844;;;3.8070273746592913;0.15406975287691374;;0.8886174987358344;;;;;;;1000
12;;;;;0.4128145530363309;5.101598589265076;;;3.0466672751633506;0.12329810846831811;;0.7111380053520807;;;;;;;1000
13;;;;;0.04195662179932442;0.5185036259197096;;;0.30964961305799005;0.012531467380516557;;0.07227688103102632;;;;;;;1000
14;;;;;15.681562408305926;193.79412879527297;0.0;;115.73357252405958;4.683718072802147;;27.01395803472414;;;;0.0;;;1000
15;;;;;0.630522499568782;7.792052558808157;;;4.653402481964689;0.18832241007914471;;1.0861741897783581;;;;;;;1000
16;;;;;0.5007347460028053;6.18812407415079;;;3.6955387182043387;0.149557825838267;;0.862594368012934;;;;;;;1000
17;;;;;0.6558800925163535;117.60542392485374;;;57.14054740706978;33.7958961334926;;1.1298566325038668;;;;;;;1000
18;;;;;1.1713289237415851;123.57538595956316;;;19.6446794914755;0.34984871446346016;;2.017798326909957;;;;;;;1000
19;;;;;0.3452352409453731;4.2664475009835705;;0.0;2.547916257033784;0.103113739261567;;0.5947220097192911;;;;0.0;;;1000
20;;;;;0.0997564456499979;1.2327989375736441;;;0.7362257367455557;0.029794930836861376;;0.17184616980862452;;;;;;;1000
21;;;;;58.663181595473176;3.2524213265037853;;;53.94234129697177;0.07860622322261235;;0.45337169795392784;;;;;;;1000
22;;;;;0.29571326756081534;3.6544505941447563;;;2.182432592268302;0.08832267726769152;;0.5094126205159171;;;;;;;1000
23;;;;;0.06131766027954864;0.757769043940779;;;0.4525385735295125;0.018314159402965373;;0.10562931539920084;;;;;;;1000
24;;;;;0.07184149057583032;0.8878234652258026;;;38.230206885213846;0.02145738281848996;;0.12375826853449139;;;;;;;1000
25;;;;;0.48013176900901683;5.933510670642892;;;3.543483963069787;0.14340419565864773;;0.8271024991921464;;;;;;;1000
26;;;;;0.0;0.0;;;0.0;0.0;;0.0;;;;;;;1000
27;;;;;0.0;0.0;444.0;;0.0;0.0;;0.0;;;;;;;1000
28;;;;;37.704922096396;2.532445307932352;;;1.5123726633556935;0.06120546546421007;;0.3530105462895082;;;;;;;1000
29;;;;;0.15790018851396748;835.9513444306714;342.0;;1.1653400626244172;0.04716111490587308;;0.2720079131867671;;;;;;;1000
30;;;;;0.37759343180626415;4.666332872351677;;;2.7867272205869273;0.11277837849790118;;0.6504640835787628;;;;;;;1000
31;;;;;1.12146254795386;13.859132897505953;26.9;41.2;8.276654056989209;0.3349547874796028;;1.931895650390946;;;;;;;1000
32;;;;;0.26301214272792234;3.2503272145598654;;;1.941090696357383;0.07855561162762141;;0.4530797889444819;;;;;;;1000
33;;;;;0.11105394341307051;1.3724144095244215;;;0.8196038940145298;0.03316923073585092;;0.19130788685713657;;;;;;;1000
34;;;;;0.8310123740724422;10.269724078396735;;;6.133064318397454;0.2482040739195574;;1.4315495366481525;;;;;;;1000
35;;;;;1.4999929279779318;18.53704465841915;;;11.070296173024277;0.44801301062478865;;2.5839737746614166;;;;;;;1000
36;;;;;31.01393052346202;607.0267860153035;;335.0;181.2659484946512;1.4676767915066136;;8.465018311953607;;;;;;;1000
37;;;;;10.970659101818255;119.23129943759302;;;96.90171282570648;0.3197809793710477;;1.844378722791965;;;;;;;1000
38;;;;;0.3239743303957775;4.003703296670691;;;2.3910057994561713;0.09676359962671613;;0.5580967468524614;;;;;;;1000
39;;;;;33.943335946102465;971.8368726885069;146.0;;107.65215448853209;0.4310908874937426;;2.486373210960745;92.5;120.0;;;;;1000
40;;;;;0.3813709601376336;4.713015900031971;;;2.814606256981201;0.11390663837759188;;0.6569714703532176;;;;;;;1000
41;20.0;;;623.0;0.5790674837075694;7.156166942864108;;;4.273652514783734;0.17295399324347063;;0.9975348308319162;;;;;;;1000
42;;;;;0.651935291697066;8.056673729041625;;;4.811433860866626;0.19471791321008775;0.0;1.1230610925561932;;;;;;;1000
43;;;;79.8;0.17174086537844652;2.1223887338505185;;;1.2674874723001794;0.051295003269932984;;0.2958506562919552;;;;;;;1000
44;;;;;18.851015354705225;1501.8662610483448;;;1.1145283901536924;0.045104775129349184;;0.2601477039331993;;;;;;;1000
45;;56.0;;45.0;0.5028578396507353;51.21436145236213;;;3.7112076424020914;0.1501919445459663;;0.8662517307945018;;;;;;;1000
46;;;;;0.15187362839885;1.8768676702101466;;;1.1208626493416611;0.04536112152555443;;0.2616262153811137;;;;;;;1000
47;;;;;1.1328875449328137;14.000324015991202;;;8.36097318808233;0.3383671684298385;;1.9515770048950631;;;;;;;1000
48;;;;;0.5522356757039883;145.5245770973713;0.0;0.0;64.67562754018749;0.16493995607037837;;0.9513128207711967;;;;;;;1000
49;;;;;0.0;0.0;;14.0;25.8;0.0;;0.0;;;;;;;1000
50;;;;;0.3058428595833468;3.779632984135327;;;2.257191333932834;0.09134815087744573;;0.5268624362090654;;;;;;;1000
51;;;;;0.0;0.0;;;0.0;0.0;;0.0;;;;;;;1000
52;;;;;0.061030370319606175;0.7542186893237424;;;0.45041830690373136;0.01822835257182944;;0.105134413251085;;;;;;;1000
53;;;;;0.3061794980909651;3.783793192449027;;;2.2596758043013736;0.09144869697234875;;0.5274423489933207;;;;;;;1000
54;;;;;1.6024846532392227;144.80364642223424;;0.0;59.8267089085538;0.4786249058824143;;2.7605318938733463;;;;;;;1000
55;;;;;0.6694557075359064;8.27319257041808;;;4.940738598770939;68.09995085404665;;1.153242764885646;;;;;;;1000
56;;;;;0.0;0.0;;;0.0;0.0;;0.0;;;;;;;1000
57;;;;;0.2967699592598226;3.667509283188766;;;2.190231222417416;0.08863828650860484;;0.5112329381902263;;;;;;;1000
58;;;;;0.5786310652241506;7.150773644825164;;;4.270431645020474;0.1728236451898219;;0.9967830313434666;;;;;;;1000
59;;;;;0.0;0.0;;;0.0;0.0;;0.0;;;;;;;1000
60;;;;;38.0;0.0;;;0.0;0.0;;0.0;;;;;;;1000
61;;;;;0.5588802007160105;6.906690722432102;;;4.124665677928126;0.16692452119684245;;0.9627590603206673;;;;;;;1000
62;;;;;0.3373213219267066;4.168646593035363;;;2.4895096967148165;0.10075003566052862;;0.5810890393114938;;;;;;;1000
63;;;;;0.994985659774135;12.296120378769636;;;7.343225248708435;0.29717908174728414;;1.714019315068649;;;;;;;1000
64;;;;;0.5650536465418354;2126.9829827094377;0.0;;4.170227141869247;0.16876838592364837;;0.9733937918688543;;;;;;;1000
65;;;;;0.40234970205182774;4.972273039507357;51.9;;2.969434244497543;0.12017250080186914;;0.6931106533590626;0.0;;;;;;1000
66;;;;;0.11120198440195603;1.374243913098113;;;0.8206964708941551;0.03321344713706815;;0.19156291074806303;;;;;;;1000
67;;;;;0.06955410566369441;954.8595557611078;0.0;0.0;0.5133254533305711;0.020774194130177157;;0.11981788820651003;;;;;;;1000
68;;;;;0.26953197235531373;3.330899843079629;;;1.9892085531996675;0.08050293314204077;;0.4643112210787324;;;;;;;1000
69;;;;;24.136990251493657;1.6929375881319693;0.0;0.0;1.011019871204462;0.040915802903587206;;0.23598725743398083;;;;;;;1000
70;;;;;12.529180621825939;6.5396607118548715;;;98.90547588816663;0.1580539475396942;;0.911596863793589;;;;;;;1000
71;;;;;0.29538021639613976;3.650334718530961;;;2.1799745973238194;0.08822320262871469;;0.5088388874941873;;;;;;;1000
72;;;;;0.3382029618225213;590.4795419764845;;;2.496016403901616;0.10101336099803093;;0.5826078027182996;;;;;;;1000
73;;;;;33.67606722271258;1233.4116630423368;;;2.037440218609844;0.08245486046992159;;0.4755692178459583;98.0;;;;;;1000
74;;;;;0.471016465098209;5.8208629424316065;;;3.4762109032322317;0.14068166632422877;;0.8113999543239198;;;;;;;1000
75;;;;;1.1405371199316394;14.094858137270236;;;19.817428828142525;0.3406519186185237;;1.9647546011460781;;;;;;;1000
76;;;;;0.4381397498845819;5.414569601463201;0.0;0.0;3.2335731095316604;0.13086215592015865;;0.754764640700445;;;;;;;1000
77;;;;;0.0;0.0;;;0.0;0.0;;0.0;;;;;;;1000
78;;;;;0.0915816731209391;1.131774378979318;;;1.5558940169381974;10.227353316357483;;0.15776383819564418;;;;;;;1000
79;;;;;0.32700208944305287;453.04112060953094;;0.0;652.4133513644043;0.09766792085444678;;0.5633125380926909;;;;;;;1000
80;;;;;0.18591014333636066;185.59749391827128;;;16.872060034361166;0.05552703714016065;;0.32025946647114356;;;;;;;1000
81;;;;;1.0782238200635506;13.324784891641425;;;7.957542203218139;0.3220403848204933;;1.8574101399366427;;;;;;;1000
82;;;;;1.7809762787890142;22.009461644597046;;;13.144018558742903;0.531936204250783;;3.0680117964880154;;;;;;;1000
83;;;;;1.6711748723366546;20.652526197102343;;;12.333658678392771;0.49914107718183626;;2.878861601575889;;;;;;;1000
84;;;;;2.0827113934953125;107.73833075590939;;;15.370893781483497;0.6220574672443465;;3.587797995978017;60.0;;;;;;1000
85;;;;;31.24308989236397;15.362214327399402;0.0;;9.174292105972164;0.37128204724670544;;2.141417883713141;;;;;;;1000
86;;;;;52.16539440917961;547.3147661228403;;;512.0442516360977;2.1102690295848374;;12.171253290887593;;;;;;;1000
87;;;;;1.447917177342257;17.893487947484843;;;10.685965039045785;22.402459194744946;;2.4942651024213496;;;;;;;1000
88;;;;;25.20322843802562;7.454750143377883;0.0;;4.451965968890655;0.18017030852182897;;14.999155875280966;;2.9;;;;;1000
89;;;;;1.3636270753926407;16.85182344696679;;;10.063884510776527;58.987283701156976;;2.3490621425680946;;;;;;;1000
90;;;;;14.788063398764272;9.738956860451154;;;5.816090905975909;0.23537621361957464;;1.357563170596082;;;;;;;1000
91;;;;;0.0;0.0;;;0.0;0.0;;0.0;;;;;;;1000
92;;;;;0.0;0.0;;;0.0;0.0;;0.0;;;;;;;1000
93;;;;;0.48018385738544955;5.934154383384538;0.0;0.0;3.5438683873850803;0.1434197532455596;0.0;0.827192229614308;;;;;;;1000
94;;;;;0.3185954381378188;3.937230472606769;;;29.651308325376306;0.09515704957613491;;0.5488307588120838;;;;;;;1000
95;;;;;0.0;0.0;;;0.0;0.0;;0.0;;;;;;;1000
96;;;;;0.12045623384827306;1.4886087424695305;;;0.8889949810530527;0.035977476272263026;;0.20750481115801614;;;;;;;1000
97;;;;;0.1275910228550646;1.5767810931389323;;;0.9416513809360142;0.03810847185463177;;0.2197956075593997;;;;;;;1000
98;15.0;;;;0.671367057712676;8.296813204171611;;;4.95484480697535;0.2005217299028408;;1.1565353662298568;;;;;;;1000
99;;;;;0.20241501973025813;2.5014626337823582;;;1.4938698553087293;0.06045665995724155;;0.34869171235736335;;;;;;;1000
100;;;;;29.142752065344613;2.999951394626061;;;1.7915666199846076;0.07250439758875099;;59.418178618642536;246.5;0.0;;;;;1000
101;;;;;24.690215085847537;1608.529738795181;;;5.093947631954465;22.70615119766335;;1.1890040595791111;38.0;;;;;;1000
102;;;;;0.38959679717818246;4.814671518354843;;;2.875314844742789;24.11636350463923;;0.6711417686199367;;;;;;;1000
103;;;606.0;;0.0;0.0;;;0.0;0.0;;0.0;;;;;;;1000
104;;;;;33.1;0.0;;0.0;0.0;0.0;;0.0;;;;;;;1000
105;;;;;0.8142095496314888;10.062073294689764;;;6.009055571665935;0.24318546094853538;;1.4026040283821948;;;;;;;1000
106;;;;;0.20127096275988873;2.487324277023502;;;1.4854264491668914;0.06011495674113878;;0.34672089426014857;;;;;;;1000
107;;;;;0.0;0.0;;;0.0;0.0;;0.0;;;;;;;1000
108;;;;;0.2238053565640361;2.76580629950943;;;1.6517355089221017;0.06684545621383309;;0.3855399323580843;;;;;;;1000
109;;;;;0.0;0.0;;;0.0;0.0;;0.0;;;;;;;1000
110;;;;;0.48868241998853135;6.039180368219057;0.0;;3.6065897531370705;0.1459580762914706;;0.8418323405635542;;;;;;;1000
111;;;;;2.2770867454012578;28.140438466932853;;0.0;16.805429021083167;0.6801128653561412;;3.922640115828955;;;;;;;1000
112;;;;;0.2150158746232685;2.657185107888202;;;1.5868670908936822;0.06422024232604238;;0.3703986670866405;;;;;;;1000
113;;;;;0.14952728594527342;888.8478713636046;;475.0;476.10354609711004;0.04466032359045974;;0.25758427141369133;;;;;;;1000
114;;;;;0.0;0.0;;;0.0;0.0;;0.0;;;;;;;1000
115;;;;;0.11336122492327727;1.400927997553069;;;0.8366321674124344;0.033858362075383376;;0.1952825422051271;;;;;;;1000
116;;;;;0.027820400242382276;0.34380695541234074;;;0.20532101491333116;0.008309306688651038;;0.04792501570244573;;;;;;;1000
117;;;;;0.2584393661980959;3.1938164396319917;;;1.9073425435667737;0.0771898296016997;;0.4452024620517563;;;;;;;1000
118;;;;;1.9619416776518546;24.24584797534544;;;109.07958523050162;10.585986361189022;;3.379753162771045;;;;;;;1000
119;;;;;7.521774217047391;19.58394051323865;;;4.588838125219595;11.685709501499977;;1.0711038969876612;;;;;;;1000
120;;;;;0.5428353428356243;6.708406956209517;;;4.006250900446875;0.16213229521366473;;0.9351192686871314;;;;;;;1000
121;;;;;0.4620811801670411;5.710439904618994;;;3.4102664252727695;0.13801290447333173;;0.7960075204659883;;;;;;;1000
122;;;;;17.236376372428317;2.921160020271318;622.0;;1.7445125255450995;0.07060012635855245;;0.40719548466655164;;;;;;;1000
123;;;;;35.076127397649294;13.298877118883917;;0.0;7.94207011891916;41.32141423219015;;1.853798722550599;;;;;;;1000
124;;;;;13.092786904241368;18.447991982687963;0.0;;11.017114044291754;0.44586073888494565;;2.5715602652324305;;;;;;;1000
125;;;;;66.84582507480602;541.8523756611594;390.0;;30.966163507797393;48.25319539096286;30.0;7.227968715146531;;;;;;;1000
126;;;;;0.7450651829138345;21.167581123549255;;;17.498754086916605;0.222533646314529;;1.2834919799641777;;;;;;;1000
127;;;;;16.28751659883558;15.911243477157408;13.4;;9.502171517574293;11.984551271485863;;2.2179498741485753;;;;;;;1000
128;;;;;0.2999947158393585;3.707361108895686;;;2.2140306749051657;0.08960144631874979;50.6;0.5167880886684493;;;;;;;1000
129;;;;;0.9369863803644441;11.579360177757952;;;6.915177096672939;0.27985604555308535;;1.6141064327153087;;;;;;;1000
130;;;;;0.23852949400987788;2.9477684863300113;;;1.7604030628668519;0.07124321371183498;;0.41090457528733754;;;;;;;1000
131;;;;;0.035586033963175896;0.43977534059488393;;;0.26263319529560736;0.010628720919058206;;0.06130254135865488;;;;;;;1000
132;;;;;0.1903057097780215;2.351814715328604;;;1.404500335545112;0.056839890633133064;;0.32783152111099084;;;;;;;1000
133;;;;;0.7380953972817612;9.12144789911098;;;5.4473154502601275;0.22045193340362623;;1.2714854278315837;;;;;;;1000
134;;;;;0.8880639973161507;10.97477306108066;;;6.554118547840422;0.26524406725132665;;1.5298299321846407;;;;;;;1000
135;;;;;0.18452042046687164;2.2803196007034785;;;1.361803556829364;0.0551119592320713;;0.31786545021824847;;;;;;;1000
136;;;;;0.831344885638864;10.273833285607804;;;6.135518330981506;0.24830338739308225;;1.4321223401270087;;;;;;;1000
137;;;;;1.2615767921117533;15.590677062008655;;;9.310729719584689;0.3768036543547391;;2.1732644766083915;;;;;;;1000
138;;;;;0.71004483389215;8.774796567262372;510.0;;5.240295777866208;580.2120738823345;;1.2231639199022482;;;;;;;1000
139;;;;;0.959530152106162;11.857958093621978;;;7.08155536778539;0.2865893459976816;;1.6529416257859053;;0.0;;;;;1000
140;;;;;0.09585982419001729;747.1846441465254;0.0;;0.7074677654034519;0.02863110060873862;;0.16513362638620585;;;;;;;1000
141;;;;;0.0;0.0;;;0.0;0.0;;0.0;;;;;;;1000
142;;;;;0.9204169200080854;11.374593327953011;;;25.592890631083165;0.274907133008086;;1.5855629307943766;13.2;;;;;;1000
143;;;;;1.5384712019044464;19.012562555104314;;;11.354274770955067;0.45950557637221645;;2.650258654320406;;;;;;;1000
144;;;;;0.9317066954212522;11.514113366423803;;;6.876211795616365;0.27827912642071423;;1.6050113448804124;;;;;;;1000
145;;;;;0.8084909103358435;722.9914018468239;;;5.966850685543686;293.2414774363574;;1.3927527726255322;;;;;;;1000
146;;;;;0.0;0.0;;;0.0;0.0;;0.0;;;;;;;1000
147;;;;;0.5228169849335068;6.461018326904439;;;3.8585107699832046;13.656153277163504;;0.9006344982151876;;;;;;;1000
148;;;;;0.8473169237035737;10.47121713813744;;;6.25339568131109;0.25307386379048136;;1.4596366881731289;;;;;;;1000
149;;;;;0.6709973394023888;8.292244192744292;;;4.952116199980525;0.20041130364003293;;1.1558984682818898;;;;;;;1000
150;;;;;0.36857041667822316;4.554825657042627;;;2.7201352733997193;0.11008341367704963;;0.6349205206563288;;;;;;;1000
151;;;;;0.04671936712552058;0.5773620519573515;;;0.34479977968494513;0.013953988668870038;;0.08048145905851897;;;;;;;1000
152;;;;1045.2;0.6398871390466773;7.907781597908196;;;4.722515696194071;0.19111941015004727;;1.1023062543825963;;;;;;;1000
153;;;;;0.37318219875275066;4.611818465925837;;;2.7541712961690314;0.11146084575223933;;0.6428650407355647;17.0;;;;;;1000
154;;;;;0.7888833498593391;9.749089888269802;;;5.82214233548633;0.23562111394664567;;1.3589756653396499;;;;;;;1000
155;;;;;0.7772339349032211;9.605125392665732;;;5.73616694760198;0.23214170456466715;;1.3389077155678226;;;;;;;1000
156;;;;;1.5924728255609657;19.67991937437778;;;11.75281929510009;0.475634605744107;;2.7432849457881177;;;;;;;1000
157;;;;;0.3606942740696518;4.457491593296086;;;2.6620075117606032;0.10773099301135156;;0.6213526260573342;;;;;;;1000
158;;;;;0.3298292202322025;4.07605854071457;;;2.4342162462127632;0.0985123190863667;;0.568182715598493;;;;;;;1000
159;;;;;0.05276351736812504;0.6520561927626621;;;0.3894070121937589;0.015759235811273642;;0.09089345862578169;;;;;;;1000
160;;;;;1.0825055795787253;13.377699252682048;;;7.989142582853627;23.723319246830695;;1.8647861442432319;;;;;;;1000
161;;;;;79.72316537053409;128.22951490315458;66.0;;3.1230587122134326;17.92638965698372;;0.7289689167261694;;;;;;;1000
162;;;;;0.0;0.0;;;0.0;0.0;;0.0;;;;;;;1000
163;;;;;23.91344482297106;7.581005127950738;122.0;;4.527365262483408;0.18322170515959785;;1.0567552054367764;;;;;;;1000
164;;;;;0.6745679776430559;8.336370454469762;;;4.978468339456407;0.20147777026011876;;1.1620494543302873;;;;;;;1000
165;;;;;16.263863101185336;130.82635788183728;;;11.541672884767507;50.467089546289756;;2.694000195101611;;;;;;;1000
166;;;;;0.8001771662727161;9.888659865776948;;;5.905493323539578;0.23899431431207777;;1.378431040684217;;;;;;;1000
167;;;;;0.0589038125268047;0.7279385009051139;;;0.43472381651229963;0.017593199204603293;;0.1014710829350492;;;;;;;1000
168;;;;;0.2893317351769899;3.5755870551362174;;;2.135335401202257;0.08641666192431835;;0.49841942713854137;;;0.0;;;;1000
169;;;;;0.3169551071033118;3.916959117272956;;;2.3392023013843937;0.09466712083614984;;0.5460050305730559;;;;;;;1000
170;;;;;0.5233707477016394;6.467861775944484;;;3.862597667820174;0.1563186732265766;;0.9015884416928862;;;;;;;1000
171;;;;;1.5765552311021442;19.483208340722747;;;11.635343751226168;0.47088039038589563;;2.7158643854173854;;;;;;;1000
172;;;;;0.20341460110408152;1752.5138155484;;;1.501246997994449;0.06075521167191848;;0.35041364851281015;;;;;;;1000
173;;;;;2.356587179389161;29.122911829113367;;;17.392160687422734;0.7038577964905245;;4.059592119179978;;;;;;;1000
174;;;;;0.20477512888679794;2.5306290705151624;;;1.5112880090054823;0.061161569686416006;;0.3527573716362095;;;;;;;1000
175;;;;;0.694584690147205;8.583738749801888;;;5.126196326500936;4.2074562968681635;;1.1965313903454011;;;;;;;1000
176;;;;;1.0251147584887126;12.668458433151624;;;7.565584994528227;0.30617794298906725;;1.7659214270590053;;;;;;;1000
177;;;;;0.47849929388463425;5.9133363993380055;;;3.5314359175190844;0.14291661329635577;;0.8242903039940809;;;;;;;1000
178;;;;39.8;3.117254381042664;38.5233040737981;260.0;;93.3060612961153;0.9310514030335366;;5.369961030697043;;;;;;;1000
179;;;;;1.0438512772308706;12.900005981268997;;;7.70386485429178;0.311774105486725;;1.7981980279383536;;;;;;;1000
180;;;300.0;;2.3398874917806314;126.91653561946131;;;17.268913114467427;0.6988699880932698;;4.030824280331798;;;;;;;1000
181;;;;;1.1640236557212527;14.385106814236014;;;8.590764916879857;0.34766680076362555;;2.005213853590567;;;;;;;1000
182;;;;;0.7190269633864945;8.885798514310764;;;62.306585979581286;0.21475663556723276;;1.23863705088913;;;;;;;1000
183;;;;127.0;0.9784884493772695;12.092246400324766;;;7.2214720045993515;0.2922517485852714;;1.6856002750682155;;;;;;;1000
184;;;;;54.936891895082695;11.578192520327955;;;6.91447977335;0.2798278249963445;;1.6139436669545042;;;;;;;1000
185;;;;;2.55659536827162;198.5946306353891;;;18.868267572102376;47.363595592035765;;4.40413768679575;;;;;;;1000
186;;;;;25.72868061586668;76.13374192365406;;;2.588104388609364;0.10474014613787394;;0.6041025246053325;23.3;;;;;;1000
187;;;;1052.0;0.29176850774088153;3.6057009050062714;;;2.1533193486498927;0.08714446923073589;;0.5026171511960797;;;;;;;1000
188;;;;;0.5591067747519233;6.909490744314748;;;78.12633784693365;0.16699219359320203;;0.9631493697387303;;;;;;;1000
189;;;;;0.0;0.0;;;0.0;0.0;;0.0;;;;;;;1000
190;;;;;15.156946356462166;187.31087744110764;;;111.86178422245598;4.527027456183406;;26.11022436075402;;;;;;;1000
191;;;;;0.5596410235244536;6.916093037679191;;;4.130280726951065;0.16715176127951542;;0.9640696972893571;;;;;;;1000
192;;;;;0.9052666681176853;483.1873651813128;;;31.331078253575;0.2703821050332595;;1.5594642387044866;;;;0.0;;;1000
193;;;;;0.6806077033233489;8.411009916144502;;;52.52304291766778;0.20328169588863726;;1.1724538318929631;;;;;;;1000
194;;;;;44.31946088958217;429.78027794465544;332.7;275.5;31.87862453453716;1.2901225341285119;;7.4409508546164345;;;;;;;1000
195;;;;;15.793236982606896;27.10421571646145;60.098;;43.186598298045865;0.6550688908353297;;3.7781957094381275;;;;;;;1000
196;;;;;8.34406767272052;103.11672288388777;;;61.58115728538457;2.492179002438265;;14.37396912889122;;;;;;;1000
197;;;;;16.75022630886941;9.271362772476925;211.0;0.0;27.53684439510996;0.22407515463396438;;1.2923828312930008;;;;;;;1000
198;;;;;36.0;0.0;564.0;0.0;81.8;0.0;;0.0;;;;;;;1000
199;;;;;0.761260137104859;9.407719793192697;;;5.618276610029352;0.22737070257574235;;1.3113903361036714;;;;;;;1000
200;;;;;0.4933621897177903;6.09701337452485;;;3.6411275405880343;0.1473558146983192;;0.8498939800728555;;;;;;;1000
201;;;;;0.152446165287058;1.8839431314788952;;;1.1250881045449659;0.04553212498176779;;0.26261250023390303;;;;;;;1000
202;;;;;0.1221574497990383;1.5096325189585715;;;0.9015503498671126;0.03648558992107381;;0.21043542324279374;;;;;;;1000
203;;;;;12.715748289472492;21.203368410164774;;;12.66262084876957;0.5124541204851676;;2.9556463242087556;;;;;;;1000
204;;;;;1.1066014298163913;613.6754778912389;;600.0;8.16697555372729;300.330516117034;;901.9062950366726;;;;;;;1000
205;;;;;26.303648259833977;277.00582005577166;272.0;;58.27180753254194;1.1360612949976723;;6.552382460027261;;;;;;;1000
206;;;;;21.112529920806203;79.09808107910708;25.0;;26.044566623200854;0.12321309543928222;;0.7106476815616467;;;;;;;1000
207;;;;;1.6847998488671811;20.820904856564933;;;37.834214169508826;0.5032105408714832;;2.9023327669251278;;;;;;;1000
208;;;;;1.2751460163631598;62.758366729897624;64.0;0.0;20.810873745932703;0.3808564661349324;;2.196639599886739;0.52;;;;;36.0;1000
209;;;;;1.2716874130036624;15.71562500509684;;;9.385348449899295;11.079823461728882;;2.190681611544791;;;;;;;1000
210;;;;;0.12314001042168889;1.5217750896347089;;;0.9088018754562073;0.03677905793313203;;0.212128038476898;;;;;;;1000
211;;;;;0.7820050689590388;9.664087487362552;;;5.7713790250017745;0.2335667313715087;;1.3471267445016764;;;;;;;1000
212;;;;;0.4918477402101934;6.07829767418279;;;3.629950551499966;0.1469034838434982;;0.8472851025657098;;;;;;;1000
213;;;;164.0;1.0515284835799548;12.9948815732071;;;7.760524420134103;0.3140671085172644;;1.8114232235367353;;;;;;;1000
214;;;;;0.5875741267138584;7.261292786032835;;;4.33643351578802;0.1754947297179388;;1.0121888615467736;;;;;;;1000
215;;;;;0.21351907957951236;2.6386875829645278;;;320.5758203958489;0.06377318444907931;;0.3678202021705939;;;;;;;1000
216;;;;;0.8435906820925105;10.425167916261806;;;25.125895152823716;0.2519609220616572;;12.553217650842054;;;;;;;1000
217;;;;;0.42288709591839835;5.226075960955373;;;603.121004980922;0.12630654282628911;;0.7284895449266711;;;;;;;1000
218;;;;;0.8806658727747287;10.883346386691098;;;6.499518670553757;0.2630344194676883;;1.5170854989008895;;;;;;;1000
219;;;;;0.770952422625559;9.527497910934601;;;5.689807928148501;0.23026556290139566;;1.3280868225569646;;;;;;;1000
220;;;;;11.303696276856478;22.290237380909034;;;108.31169742106688;12.738722139401368;;3.1071505671259714;;;;;;;1000
221;;;;;0.2671634393050898;40.801629303127065;;;1.9717282292111258;0.07979550739169032;;0.4602310503178957;;;;;;;1000
222;;;;;0.3138872810110192;3.879046652343036;;;23.816561032338683;0.09375083251368815;;0.5407202175450423;;;;;;;1000
223;;;;;0.025740163498807686;0.31809920659801166;;;0.1899683846229855;0.007687988341798893;;0.04434148068023069;;;;;;;1000
224;;;;;25.462774993903913;73.68849831785876;0.0;0.0;44.00666427448018;1.7809422477066512;;10.271817900651653;;;;0.0;;;1000
225;;;;;0.1878061720724018;2.320925208311437;;;1.3860531667746878;0.05609333683825989;;0.32352567422356227;;;;;;;1000
226;;;;;0.5257164980799258;6.496850765631533;;;3.8799098503986746;0.1570192943225487;;0.9056293657174849;;;;;;;1000
227;;;;;0.06426435084622112;0.7941845053807104;;;0.47428583426313176;0.019194267360497043;;0.11070545342912354;;;;;;;1000
228;;;;;0.312810890387127;3.865744522251069;;;2.308617019548959;0.09342933966193963;;0.5388659653738815;;;;;;;1000
229;;;;;0.6478036704863956;8.005614790385751;;;4.78094153678712;0.19348389402051136;;1.115943725096602;;;;;;;1000
230;;;;;0.35459577379093954;4.382125789959756;;;2.6169991633628373;0.10590951277687798;;0.6108470000033496;;;;;;;1000
231;;;;;0.42622675880349564;5.267347808902395;;;3.1456524686310376;0.12730402247817071;;0.734242639591547;;;;;;;1000
232;;;;;1.4144308386483126;17.47966082587742;;;23.938828082479;0.4224576039819157;;2.436579616456275;;;;;;;1000
233;;;;;0.43915077539552677;5.427063943734836;;;3.24103471260717;0.13116412573250136;;0.7565062911823022;;;;;;;1000
234;;;;;2.1826325100296797;26.97316471076916;;;16.108334827599545;0.6519015814455376;;3.7599278372885028;70.0;;;;;;1000
235;;;;;0.6958155681113968;8.598950048045838;;;5.135280491740848;22.30782393149641;;1.1986517712618416;;;;;;;1000
236;;;;;0.14373746531531892;1.7763202505427018;;;18.160815876209117;0.0429310387898306;;0.2476103946115094;;;;;;;1000
237;;;;;0.39672531172722625;78.90276632872302;;;2.927924937670366;0.11849262618695981;;0.6834217562808469;;;;;;;1000
238;;;;;0.19228915018942927;2.376326246548383;;;1.419138586423687;0.05743229816621895;;0.33124830922451237;;;;;;;1000
239;;;;;0.37861967693584264;4.6790153000102706;;;2.7943011479826203;0.11308489405645204;;0.6522319522478369;;;;;;;1000
240;;;;;1.9850943601280393;24.53197086367252;;;14.650457404250387;5.892901529111966;;3.419637300366395;;;;;;;1000
241;;;;;1.2589259312607173;15.557917490238442;;;9.291165750857182;0.3760119038548078;;2.168697951799113;;;;;;;1000
242;;;;;1.0405618825329923;12.859355352005073;;;7.67958835747884;0.31079163977355906;;1.7925315281333938;;;;;;;1000
243;;;;;1.5124742136317444;18.691289485340505;18.5;;11.162410959854697;0.4517408804419954;;2.60547475256735;;;;;;;1000
244;;;;0.0;0.9369046536167974;11.578350191415577;;;6.914573934294749;0.279831635673826;;1.6139656455364704;;;;;;;1000
245;;;;;0.3176950859900595;3.9261038415007032;;;2.3446635174243418;0.09488813532406315;;0.5472797606077747;;0.0;;;;;1000
246;;;;;0.04070883716608285;0.503083393571235;;;0.30044067267401514;0.012158783123329091;;0.07012737571764581;;;;;;;1000
247;;;;;0.7145161470410475;8.830053448796225;182.0;;5.273295107341288;0.2134093596077231;;1.2308664601606378;;;;;;;1000
248;;;;;0.013520821975377122;0.16709150830062325;;;0.09978680630977083;0.004038355145764811;;0.02329174274397263;;;;;;;1000
249;;;;;0.7977640194748105;9.858837985202884;;;5.887683739731865;0.23827356347262768;;1.374274015725038;;;;;;;1000
250;;;;;0.0744168474522678;0.9196499522308073;;;0.5492136170734612;0.022226582036783196;;0.12819472587037978;;;;;;;1000
251;;;;;0.02238935179621094;0.2766895805828261;;;0.16523861605148496;15.106687178797356;;0.038569180423448444;;;;;;;1000
252;;;;;0.4975031213227813;6.1481873718533935;;;3.671688577539911;0.14859261468619933;;0.8570273861512346;;;;;;;1000
253;;;;;0.0;0.0;;;0.0;0.0;;0.0;;;;;;;1000
254;;;;;0.0;0.0;;;0.0;0.0;;0.0;;;;;;;1000
255;;;;;0.1279587246638997;1.5813251844637803;;;0.9443651056818027;0.03821829583534245;;0.22042903176641;;;;;;;1000
256;;;;;0.0;0.0;;;0.0;0.0;;0.0;;;;;;;1000
257;;;;;6.884649649834145;85.08110647467194;;;71.91031333521937;2.056284772540255;;11.85989201088091;;;;;;;1000
258;;;;;0.40214795020534794;4.969779772426987;;;2.96794526901484;0.12011224221634209;;0.6927631040669495;;;;;;;1000
259;;;;;0.0;0.0;;;64.7;0.0;;0.0;;;;;;;1000
260;;;;;0.2865191749047251;3.5408291876829683;;;2.1145780531923397;0.08557661556700676;;0.49357434964008684;;;;;;;1000
261;;;;;0.0;0.0;;;0.0;0.0;;0.0;;;;;;;1000
262;;;;;1.884317330650184;23.28655946130535;;;13.906699521830644;0.5628017736157449;;3.2460330143714615;;;;;;;1000
263;;;;;1.3996517765549805;17.297019875427765;;;10.329755171879844;0.4180434417687843;;2.4111203571818036;;;;;;;1000
264;;;;;0.0;0.0;;;0.0;0.0;;0.0;;;;;;;1000
265;;;;;1.898314440015939;23.45953697110705;;;14.010001439696355;0.5669823847306585;;3.270145237067695;;;;;;;1000
266;;;;;0.0;15.8;;;0.0;0.0;;0.0;;;;;;;1000
267;;;;;16.35797970770028;4.423944743121873;;0.0;2.6419733815125577;0.10692021515433747;;0.6166763584715359;4.8;;;;;;1000
268;;;;;0.5175418782589388;6.395828094217002;;;3.8195792576123524;0.15457772545352047;;0.89154729716818;;;;;;;1000
269;;;;;0.2735083881178578;3.380040739143778;;;2.018555425026448;0.08169059607300856;;0.47116122273935046;;;;;;;1000
270;;;;;0.4614886453700209;5.703117307432594;;;3.4058933808580343;0.1378359281067359;;0.7949867860695012;;;;;;;1000
271;;;;;0.11870513378080391;1603.1669684936746;;;0.8760714558724251;0.035454463397669216;;0.20448826583520066;;;;;;;1000
272;;;;;0.40607567718359805;5.01831896820843;;;2.9969328063058467;0.12128536293952455;;0.6995292316376375;;;;;;;1000
273;;;;;0.30363153337060733;3.752305220120371;;;2.2408712329152927;0.09068767915417004;;0.5230530789551996;;;;;;;1000
274;;;;;0.2836340704428692;3.5051748127481988;;;2.0932853122152775;0.08471490194701953;;0.4886043033635059;;;;;;;1000
275;;;;;0.2889670448283538;16.571080179701628;;;2.1326439017321306;0.08630773739674837;;0.49779119064544114;;;;;;;1000
276;;;;;0.2564088326039804;3.1687229267143806;;;17.692356734062702;0.0765833564299223;;0.44170454852303287;;;;;;;1000
277;;;;;0.0;0.0;;;0.0;0.0;;0.0;;;;;;;1000
278;;;;;0.4340086764641789;5.363517432447678;;;3.2030848282715487;0.12962830034279824;;0.7476482168957594;;;;;;;1000
279;;;;;0.8266471345367392;10.215778063913113;;;6.100847836822723;0.24690027836825099;;1.424029724874388;;;;;;;1000
280;;;;;0.3087446467639558;3.815493525577139;;;2.2786071972487574;0.09221484723762761;;0.5318612210929716;0.0;;;;;;1000
281;;;;;0.2578789635532303;3.1868909344107283;;;1.903206641897443;0.07702245036183439;;0.4442370803419001;;;;;;;1000
282;;;;;0.3282119336657337;4.056071970945532;;;2.4222802957469174;0.09802927319316809;;0.5653966850806684;;;;;;;1000
283;;;;;0.27999374209902433;3.4601873145923716;;;2.0664188435928263;0.08362762051350821;;0.482333265149791;;;;;;;1000
284;;;;;95.26625821508209;102.15514675630212;177.0;;100.20690541722347;101.46893912662188;;14.239930098301016;;;;;;;1000
285;;;;;0.9494285887745643;11.73312208466152;;;7.007003484369448;0.2835722439062025;;1.6355400939219402;;;;;;;1000
286;;;;;0.023856678233513732;0.29482292987363096;;;0.17606782593672612;0.007125435086758354;;0.041096881029323275;;;;;;;1000
287;;;;;0.4031869221410906;4.9826194790765825;;;2.9756131231957506;0.1204225589759779;;0.6945528966616302;;0.0;;;;;1000
288;;;;;30.96380122251499;11.910740357745373;;;7.11307685933358;0.2878650154203571;;1.660299216425369;;;;;;;1000
289;;;;;0.9504075363372309;138.7452200048243;210.4;;7.014228344736749;0.2838646327812523;;1.63722648509187;;;;;;;1000
290;;;;;0.5086224222663579;6.2856006718209745;;40.0;3.7537516008958396;0.1519136913385341;;0.876182131146934;;;;;;;1000
291;;;0.0;;1.1755885710238891;14.528027055683287;;;8.676116677696966;32.15112097206385;;2.025136239417064;;;;;;;1000
292;;;;;0.03656901731516737;0.4519231353974315;;;0.2698878407254142;0.01092231519054148;;0.0629958848105462;;;;;;;1000
293;;;;;0.0261921229694568;0.323684561525326;;;0.19330395048130836;0.007822978126983316;;0.04512005196385766;;;;;;;1000
294;;;;;0.061438289853781546;0.7592597948389822;;;0.4534288478028614;0.01835018865198012;;0.10583711881643869;;;;;;;1000
295;;;;;0.14540302739739025;1.7969034133835735;;;1.0731081111918115;0.04342850345706552;;0.25047958729893394;;;;;;;1000
296;;;;;17.59461135963572;7.3482595300161515;160.0;;40.38836992910737;0.17759658756605617;;1.0243116022458159;;;;;;;1000
297;;;;;0.0;0.0;;;254.0;0.0;;0.0;;;;;;;1000
298;;;;79.7;0.6270126504006863;7.748677533793197;;;4.627498979962289;0.18727409974160386;;1.0801279224698832;;;;;;;1000
299;;;;;0.8608005938313785;10.637849520635038;;;6.352908298357479;0.25710112254320944;;1.482864431015491;;;;;;;1000
300;;;;;0.3318585543841975;4.10113723082086;;;2.4491932035554234;0.09911843401267144;;0.5716785628994857;;;;;;;1000
301;;;;;48.177145784691;170.62153534945435;;;30.828306008593117;1.2476163213254778;;7.195790699579768;;;;;;;1000
302;;;;;12.693724561285082;156.8701656423246;;;93.6826353052552;3.7913203793630297;;21.866937341733063;;;;;;;1000
303;;;160.0;;33.43274813938193;464.64793960421173;;0.0;3.193781771852227;0.12925180722560514;;0.7454767434829431;;;;0.0;;;1000
304;;;;;0.4241352740177696;5.241501055792918;;;3.130216825177323;0.12667934460266086;;0.7306397280473541;;;;;;;1000
305;;;;;0.02575397790248598;0.31826992621484296;;;0.1900703381304454;0.007692114382973127;;0.04436527816363976;;;;;;;1000
306;;;;;1.4981891987825813;18.514754014228593;0.0;;201.05698423265707;0.4474742786533985;;2.5808665673870066;;;;;;;1000
307;;;;;0.4075207473569355;5.036177272629782;;;69.00759775979414;0.12171697180037014;;0.7020185923278129;;;;;;;1000
308;;;;;0.5612598588153644;6.936098746721228;;;4.142228107362975;0.16763526974069484;;0.9668583957286551;;;;;;;1000
309;;;;;0.04550888935526602;0.5624028611060446;;;0.3358661726141142;0.01359244710421934;;0.07839622068518551;;;;;;;1000
310;;;;;0.8449445268569156;10.441898849048387;;;6.23588684160752;0.25236528401397473;;1.4555498614151403;;;;;;;1000
311;;;;;0.08277048500494136;1.0228849405336558;;;0.6108654022954476;0.024721619339850162;;0.142585180622879;;;;;;;1000
312;;;;138.0;0.7776660707892561;9.610465765989181;;;5.739356210801939;0.2322707735060538;;1.339652137608605;0.0;;;;;;1000
313;;;;;0.7626560302750778;9.424970363880128;;;5.628578625813557;0.22778762340919145;;1.313794981670192;;;;;;;1000
314;;;;;1.6203472997423174;20.024394580288394;;;11.95853938824137;0.4839600630610324;;2.791303112356533;;;;;;;1000
315;;;;;0.21386630458956027;2.642978620207253;;;1.578382997064027;0.06387689248610684;;0.36841835187059274;;;;;;;1000
316;;;;;0.0;0.0;;;0.0;0.0;84.0;0.0;;;;;;;1000
317;;;;;103.05807673846351;5.660952661508962;;;13.580712715492732;0.13681687084543753;;0.7891092397134232;;;;0.0;;;1000
318;;;;;0.42022978276615436;5.193236651078789;;;3.1013933927129984;0.12551286517401206;;0.7239119050135832;;;;;;;1000
319;;;;;13.391650178754785;9.659701722975033;;;5.768759852873228;0.23346073391919903;;1.3465153902988882;;;;;;;1000
320;;;;;0.6867338863137001;22.986717824868364;;;5.068255570906593;0.20511144430541517;;1.1830071457723719;;;;;;;1000
321;;;;;0.08783064486001843;1.0854188415026098;;;0.6482105572183213;0.02623297143267091;;0.15130210196112814;;;;;;;1000
322;;;;;0.29955364006102814;3.701910255596211;;;2.2107754332238287;0.0894697072393997;;0.5160282662568993;;;;;;;1000
323;;;;;0.38195514082956294;4.72023525645219;;;2.818917646160174;0.11408111956724185;;0.6579778134895441;;;;;;;1000
324;;;;;0.2533102930584951;1058.130430902226;;;1.8694887925994095;0.0756578947131233;;0.4363668267405186;;;;;;;1000
325;;100.0;;;3.1868797972712257;39.38374109714444;;;23.519913037976053;0.951846895971368;;5.489901762569038;;;;;;;1000
326;;;;;63.014150258150785;18.71200219106032;;;11.174780557656735;23.552241475969424;;2.608362002901398;;;;;;;1000
327;;225.0;271.0;214.0;0.0;0.0;;;0.0;0.0;;0.0;;;;;;;1000
328;;;;;0.0;0.0;;;24.5;0.0;;0.0;;;;;;;1000
329;;21.0;;;0.0;0.0;0.0;;0.0;0.0;;0.0;;;;;;;1000
330;;;;;0.0;0.0;;;0.0;0.0;;0.0;;;;;;;1000
331;;;;;0.0;234.0;;;40.0;0.0;;0.0;;;;;;;1000
332;;;;;0.2422601316493868;2.99387203471219;;;1.7879360350651072;0.072357468432142;;0.41733118546892745;;;;;;;1000
333;;;;;0.0;0.0;;;0.0;0.0;;0.0;;;;;;;1000
334;;;;;0.10730179027609378;1.3260449707303819;0.0;0.0;0.7919121324481142;0.032048549836716095;;0.18484421284666544;;;;;;;1000
335;;;;;0.0;0.0;;;0.0;0.0;;0.0;;;;;;;1000
336;;;;;0.0;725.0;370.0;;0.0;0.0;;0.0;;;;;;;1000
337;;;;;0.0;0.0;;;0.0;0.0;;0.0;;;;;;;1000
338;;;;;1.2322704988404294;15.228507309731496;0.0;;9.094442469027841;0.3680505459674628;;2.1227797764253573;;;;;;;1000
339;;;;165.0;0.08212738028608503;418.01493739580116;;;0.6061191401129942;0.02452953891342426;;0.14147733158113324;;;;;;;1000
340;;;;;0.0;0.0;;;0.0;0.0;;0.0;;;;;;;1000
341;;;;;0.2080020605871982;2.570507776557214;;;1.5351035143903697;0.06212537915458849;;0.3583162691022785;;;;;;;1000
342;;;;;0.1586712398521391;1.960873150989357;;;1.1710306005722682;0.04739141001254816;;0.27333617040691205;;;;;;;1000
343;;;;;0.053717301566342975;0.6638431418522784;;;0.3964461610873851;0.01604410897444648;;0.0925365019421285;;;;;;;1000
344;;;;;0.7866758528080127;9.721809445368695;;;77.80585049456931;0.23496178590485065;;1.355172904418664;27.95;;;;;;1000
345;;;;;0.11142043990808498;1099.376943605475;435.0;0.0;0.8223087232643949;0.03327869471734863;;0.19193923472148908;;;;;;;1000
346;;;;;0.09177593949323871;1.1341751399107725;;;600.6773277478829;0.027411339205920066;;0.15809849258098022;;;;;;;1000
347;;;;;0.10213983160109642;1.2622530309828177;;;0.7538156785920508;0.030506792803352046;;0.17595192702765164;;;;;;;1000
348;;;;;0.3836697459308934;4.741424497242654;;;72.83157183001495;0.11459323224400975;;0.6609314904923492;56.0;;;;;;1000
349;;;;;1.2738013336899994;15.741749023041251;;;9.400949675510125;0.38045484068623797;;2.194323172457063;;;;;;;1000
350;;;;;14.58;0.0;;;0.0;0.0;;0.0;;;;;;;1000
351;;;;;0.0;0.0;;;0.0;0.0;;0.0;;;;;;;1000
352;;;;;0.0;0.0;;;0.0;0.0;;0.0;;;;;;;1000
353;;;;;0.0;0.0;;;0.0;0.0;;0.0;;;;;;;1000
354;;;;;0.6834543987639168;8.446189629012789;;;5.04405219114747;0.2041319376270299;;1.1773577125884485;;;;;;;1000
355;;;;;0.3399437379635014;4.201054641286998;;;2.5088637361070836;0.1015332903558284;;0.5856065634537336;;;;;;;1000
356;;;;92.0;10.825404751697418;22.55851262413643;;23.31;52.97191100705879;0.5452059560835386;;3.144546829888691;;;0.0;;;;1000
357;;;;;0.0;0.0;;;0.0;0.0;;0.0;;;;;;;1000
358;;;;;0.04955135997224848;0.612360068876596;;;0.3657005446075017;0.014799839084338863;;0.08536001222332515;;;;;;;1000
359;;;;;13.086377297844145;7.246502269496022;42.0;;4.327600640773061;0.1751372647625235;;1.0101271355516614;;;;;;;1000
360;;;;;1.2535880269606074;15.49195119896606;;;9.25177077742545;0.37441759595420787;;2.159502571963736;;;;;;;1000
361;;;;;0.0;0.0;;;0.0;0.0;;0.0;;;;;;;1000
362;;;;;2.2127285228966382;27.345093887333498;;;16.330450392179912;0.6608905607139296;;3.81177295370177;;;;;;;1000
363;;;;;0.0820409965693954;1.0138698582254044;;;0.605481608221714;0.02450373810579295;;0.1413285220405545;;;;;;;1000
364;;;;;16.354878312392415;8.093043837888672;;;4.833154037097581;0.19559692506238519;;1.1281309086554747;;;;;;;1000
365;;;;;0.15118969316093198;1498.8684155383285;;;1.1158150484458844;0.045156845972452266;;0.26044802934744393;;;;;;;1000
366;;;0.0;377.64000000000004;0.356729864900098;4.408499075765133;;;2.632749251378552;0.10654691617053966;;27.11452330764184;;;;;;;1000
367;;;;;12.62597326087815;6.500023862896544;;;3.8818048194812214;13.657095983400279;;0.9060716800274694;;;;;;;1000
368;;;;;1.571291358394825;93.41815693839158;;;41.996495148142635;0.4693081940007227;;2.7067965366461215;25.0;;;;;;1000
369;;;;;1.410444978084929;17.430403210133008;;;36.609411505828525;8.421267120108542;;27.239713344640496;;;;;;;1000
370;;;;;0.2833512111545685;3.5016792127613736;;;2.09119774497521;0.0846304184544836;;0.4881170337442594;;;;;;;1000
371;;;;;0.45936521450240464;5.676875761830689;;;3.3902219679006795;0.13720170867935716;;0.7913288423739776;;;;;;;1000
372;;;;;1.5521768134656841;319.1819377093753;;600.0;11.455425367324787;0.46359912387065805;;2.673868726194329;;;;;;;1000
373;;;;;1.4524122267897033;17.94903816428582;;;10.71913954791677;0.43380176149862587;;2.5020085321878254;;;;;;;1000
374;;;;;10.654462617498593;8.087906643794389;;;35.53008611223847;20.595472766663093;;1.127414808810026;;;;;;;1000
375;;;;;0.7864366177378406;9.718852957310034;;;5.804084884190506;0.23489033195194478;;1.3547607843774465;;;;;;;1000
376;;;;;0.9511610652944079;11.75453218201531;;;19.91978956344339;0.2840896943601445;;1.6385245572543958;;;;;;;1000
377;;;;;0.6663974482886371;8.235398333401191;;;31.801167935263344;0.19903742311834527;;1.1479744322530963;;;;;;;1000
378;;;;;14.914036324830718;149.83287342611487;;;17.816148723008027;50.721016520459834;;4.158557309234447;;;;;;;1000
379;;;;;0.8740194539397458;10.801209357599419;;;6.450466555959847;0.26104928870033994;;1.5056359969434614;;;;;;;1000
380;;;;;0.9635989144442225;11.90824021679625;;;7.111583778786432;0.2878045907035674;;1.659950708949418;;;;;;;1000
381;;;;;0.45326504365313547;5.601489313436345;;;3.3452012903042236;0.13537972948430133;;0.7808203384994197;;;;;;;1000
382;;;;;0.6887131607458273;8.511177872549434;;;5.082863075890552;0.20570260755735484;;20.676416757331253;;;;;;;1000
383;;;;;1.3147812910783476;107.04818294418779;69.55;;9.703391278390539;57.59269460111603;;2.2649175954060974;;;;;;;1000
384;;;;;0.6107458781429851;7.5476513301591375;;;4.507446422838142;0.18241559309374603;;1.052105848413206;;;;;;;1000
385;;;;;0.16980555313895895;2.0984719748163756;89.0;;301.25320441850783;160.05071697050275;;0.292516776525363;;0.0;;0.0;;;1000
386;;;;;1.5404354389391635;19.036836769304347;;;11.368771296453794;19.060092248303192;;2.6536423615967926;;;;;;;1000
387;;;;;27.443395922699775;24.01665790294006;;;14.342713251812615;0.5804471753999324;;3.347805182528181;;;;;;;1000
388;;;;;0.2564587691833528;1410.1693400473587;;;1.892725277615946;0.07659827132508457;;0.4417905721362699;;375.0;;;;;1000
389;;;;;2.7511200309121584;33.998583541615496;;;20.303904759599888;0.8216955857922893;;4.739237017874334;;;;;;;1000
390;;;;;12.58522951028314;12.175553024460468;;;7.271222599656486;27.29426514673863;;1.6972128128804098;;;;;;;1000
391;;;;;0.5641895854041972;6.972304565829563;;;4.1638501700003525;0.1685103109524823;;0.971905310638232;;;;;;;1000
392;;;;910.0;1.160036042674927;14.33582754115312;;;8.561335406498266;16.346475793464347;;1.9983445628472476;;;;;;;1000
393;;;;;0.28939888266788194;3.576416869740106;;;2.1358309652796503;0.08643671731857341;;0.49853509925423134;;;;;;;1000
394;;85.0;;;0.3509792601497808;4.337432595996292;;;2.590308452777035;0.10482934424133339;;0.6046169863611806;;;;;;;1000
395;;;;;0.10866133561481656;1.3428463517162395;;;0.8019458927943077;0.032454614418035946;;0.18718624355574257;;;;;;;1000
396;;;;;0.17955249799695708;2.21892557746064;;;1.3251391352305806;0.05362815630154861;;0.30930742228533326;;;;;;;1000
397;;;;;2.2234963798301925;27.478164011285248;;;16.40991967712107;0.6641066692120423;;3.8303222811063455;;;;;;;1000
398;;;;;0.0670737689331035;100.82890354143038;;;0.495019992215173;0.020033375220095184;;0.11554511801897575;;;;;;;1000
399;;;;;0.2048130230158779;2.531097369498408;;;1.511567676478781;0.061172887781679966;;0.3528226502344815;;;;;;;1000
400;;;;;0.24751104809524757;3.058763322423635;875.0;;1.8266890179300623;0.07392579508326864;;0.4263767150417457;;;;;;;1000
401;;;;;1.2396841805863021;15.320126241423266;;;9.149157162096422;0.37026484032634355;;2.135551009440999;;;;;;;1000
402;;;;;0.37223659825937844;4.600132651781171;;;2.747192544917784;0.11117841687142116;;0.6412360951381515;;;;;;;1000
403;;;;;25.06248779120486;8.187082446966462;;;4.889313757990176;0.19786969945249128;;1.141239432918121;;;;;;;1000
404;;;;;0.8831355913056674;10.913867385722375;;;29.517745766889707;11.563772066968424;;1.5213399775692282;;;;;;;1000
405;;;;;23.318809381502724;244.03031458718004;;440.0;422.2540484977283;1.5886046923958987;;9.162485834352115;;;;;;;1000
406;;;;;0.0;0.0;;;0.0;0.0;;0.0;;;;;;;1000
407;;;;;0.8152719787018864;10.075202886674514;;;6.016896544948381;0.24350278380888096;;1.4044342295812404;;;;;;;1000
408;;;;;1.4139812317803926;17.47410454462175;;;10.435509879375196;0.42232331686446506;;2.4358050979009245;;;;;;;1000
409;;;;;0.2547142231018145;176.14778079329875;;;32.59985012237361;0.07607721597369885;;0.43878531708519436;;;;;;;1000
410;;;;360.0;0.21358658594670007;2.6395218325932728;;;31.576318608516708;0.06379334703133953;;0.36793649250715627;;;;;;;1000
411;;194.0;;;94.75609736638052;3.16487379970442;;;1.89005804099738;0.0764903287110067;;0.4411679989579672;;;;;;;1000
412;;;;;0.31202615711157067;3.8560467193463945;;;2.302825505725659;0.09319495807869219;;0.5375141388643557;;;;;;;1000
413;;;;;0.0;0.0;;;0.0;0.0;;0.0;;;;;;;1000
414;;;;;0.7057923863393879;8.722244446033775;;;5.2089117273208565;0.21080377512594195;;1.2158384100618296;;;;;;;1000
415;124.0;;;;0.33647492842515814;4.158186787629513;;;2.483263116103469;0.10049723760146499;;0.5796309933632415;;;;;;;1000
416;;;;;0.0;0.0;;;0.0;0.0;;0.0;;;;;;;1000
417;;;;;0.3550125761152524;4.387276669777526;;;2.6200752613161575;0.10603400193990524;;0.6115650075720213;;;;;;;1000
418;;;;;0.20318631511023783;2.5109943699904678;;;1.4995621943418012;0.060687027953530384;;0.3500203899779117;;;;;;;1000
419;;;;;17.152177161885863;1.88061876376473;;;1.1231027969696759;0.04545177992054088;;0.26214909955979226;;;;;;;1000
420;;;;;0.29288307682928993;3.619474847923836;;;2.1615451273744704;0.08747736510213194;;0.5045371717780287;;;;;;;1000
421;;;;;0.09289679178107367;1.1480267311600036;;;0.6855998980785748;0.027746111722891566;;0.16002933696231944;;;;;;;1000
422;;;;;0.7994885055510901;9.880149335951657;;;5.900410847476571;0.2387886273668662;;1.3772447142615185;;;;;;;1000
423;;;;;0.06710016412549961;0.8292297355417535;75.0;;0.49521479486518466;0.020041258850338257;;0.11559058788997083;;;;;;;1000
424;;;;;0.0;0.0;;;0.0;0.0;;0.0;;;;;;;1000
425;;;;;0.37499464119296827;4.634216789163547;;;2.767547542306948;0.11200218016727595;;0.6459872579448945;;;;;;;1000
426;;;;;0.0;0.0;;;0.0;0.0;;0.0;;;;;;;1000
427;;;;;0.2632552109920634;3.2533310735670553;;;1.942884596597921;0.07862821046643859;;0.4534985122652909;;;;;;;1000
428;;;;;0.0;0.0;;;0.0;0.0;;0.0;;;;;;;1000
429;;;;;0.0;0.0;;;0.0;0.0;;0.0;;;;;;;1000
430;;;;;29.779979745684624;2.2242055419983164;;;1.3282923223913288;0.05375576525174026;;0.31004342363548926;;;;;;;1000
431;;;;;0.0;0.0;;;0.0;0.0;;0.0;;;;;;;1000
432;;;;;0.0;0.0;;;0.0;0.0;;0.0;;;;;;;1000
433;;;;;0.0;0.0;;;0.0;0.0;;0.0;;;;;;;1000
434;;;;;0.3147882025116609;3.890180319562146;;;14.923210042247145;0.09401991681822763;13.2;0.5422721965492533;;;;;;;1000
435;;;;;0.0;0.0;35.0;;0.0;0.0;;0.0;80.0;;;;;;1000
436;;;;;0.13505084960796396;1.6689702888899938;;;0.9967066348733586;0.040336548654174485;;0.23264633260848017;;;;;;;1000
437;;;;;0.0;0.0;;;0.0;0.0;;0.0;;;;;;;1000
438;;;;;0.6976747960066841;8.621926550056138;;;5.149002025402828;0.2083792396390474;;1.2018545837771097;;;;;;;1000
439;;;;;0.0;0.0;;;0.0;0.0;;0.0;;;;;;;1000
440;;;;;0.2718922980946081;3.3600689563611814;;;2.006628305327449;0.08120790755944815;;0.46837725345544284;;;;;;;1000
441;;;;;0.07965854137065125;0.9844272671357661;;;0.5878985355437558;0.023792154133389216;;0.13722436818886963;;;;;;;1000
442;;;;;0.22824691405331415;2.820695457982113;;;1.6845152347186128;0.0681720461633717;;0.39319121381206884;;;;;;;1000
443;;;;;0.0;0.0;;;0.0;0.0;;0.0;;;;;;;1000
444;;;;220.0;0.15970855980587084;1.9736924422998277;;;1.178686262742275;0.04770123336356823;;0.27512311720271404;;;;;;;1000
445;;;;;0.09248403710939293;1.1429258725898026;;;0.6825536727417227;0.02762283149959184;;0.159318302112022;;;;;;;1000
446;;;;;0.5605725327104535;6.927604710206799;;;4.137155481081281;0.16742998141446438;;0.9656743683931901;;;;;;;1000
447;45.5;;;;0.3897196113636504;4.816189266871016;;;66.87622124195441;0.11640018638082564;64.0;0.671353335373677;;;;;;;1000
448;;;;;0.25061749147014023;3.0971530231316655;;;1.849615291489998;0.07485361749013639;;0.4317280524137252;;0.0;;;;;1000
449;;;;;0.13474351560106407;1.6651722281760448;;;0.9944384385259195;0.04024475513226488;;0.2321169014364536;;;;;;;1000
450;;;;;0.10990827058671589;1.3582560838750453;;;0.811148562480248;0.03282704490113631;;0.18933428519380519;;;;;;;1000
451;;;;;0.23524394545637992;2.9071653880569426;;;1.7361549514926835;0.07026189675256715;;0.4052447010710903;;;;;;;1000
452;;;;;0.906703310901994;11.205119339318673;;;6.691681010975046;0.27081119682895094;;1.5619390818913905;;;;;;;1000
453;;;;;27.82038426626781;114.13838098648323;;;6.054626414483633;0.24502970523688744;;1.4132409491013609;;;;;;;1000
454;;;;;0.0;0.0;;;0.0;0.0;;0.0;;;;;;;1000
455;;;;;0.3483098850313265;4.304444223279385;;;2.5706078444561498;0.10403206396020716;;0.6000185678138892;;0.0;;;;;1000
456;;;;;0.2444964449921999;3.0215085918803815;;;1.8044405469057065;0.07302540323018447;;0.4211835869849428;;;;;;;1000
457;;;;;0.46109986676326464;5.698312747183505;;;3.4030241044486256;0.13771980897655162;;0.7943170537625884;;;;;;;1000
458;;;;;0.31755856380705494;3.9244166883441665;;;20.443655952007294;0.09484735932233399;;0.5470445796719425;;;;;;;1000
459;;;;;0.21953409246812555;2.713021641784057;;;1.6202125879182834;0.06556972894133051;;0.3781820080621585;;;;;;;1000
460;;;;;0.13960012800649824;1.7251906718426606;;;1.030281365997729;0.04169531233464408;;0.2404831802736841;;;;;;;1000
461;;;;;0.31092809569720625;3.8424767797179453;;;2.2947215574693356;0.0928669926657062;;0.5356225553476852;;;;;;;1000
462;;;;;0.03551926145312717;0.43895016003726856;;;0.26214039866392447;0.010608777522862177;;0.06118751520645374;;;;;;;1000
463;;;;;1.130160169456066;118.96661886974034;30.0;;53.34084452364699;0.3375525647902805;;1.946878671606871;;;;;;;1000
464;;;;;0.3011821751223331;3.722035835254714;;;2.222794400193962;0.08995611279646243;;0.5188336740765224;;;;;;;1000
465;;;;;0.3402979706207116;4.205432279650285;;;2.5114780553857483;0.10163909141412555;;0.5862167849283065;;;;;;;1000
466;;;;;0.9096714627491174;11.2418000211518;;;6.713586660942649;0.2716977147719481;;1.5670521903528543;;;;;;;1000
467;;;;;0.14824784208816222;1.832059883780308;0.0;;1.0941035043012113;0.044278183459224255;;0.25538022810704475;;;;;;;1000
468;;;;;0.19684370758194852;2.432611867773462;;;1.4527522777496817;0.05879263855944776;;0.33909425078726696;;;;;;;1000
469;;;;;0.4447707785692212;5.496516437722036;;0.0;18.382511641241763;0.13284269000744223;;0.7661876307029603;;;;;;;1000
470;;;;;1.4851397004464748;18.35348716495587;;;10.960675904267273;0.443576696919741;;2.55838675375319;;;;;;;1000
471;;;;;0.1718753010898515;2.1240501022073413;;;1.2684796390722526;0.05133515609110875;;0.29608224295224483;;;;;;;1000
472;;;;;0.08685762286867803;1.0733941500719535;;;0.6410294289435868;14.725942352387998;;0.149625918519929;;;;;;;1000
473;;;;;0.23708443247284056;2.9299102886368162;;;13.099738173116462;0.07081160743045142;;0.4084152294745476;;;;;;;1000
474;;;;;0.16280918009038203;2.0120101807442783;;;1.201569560542817;0.04862731654873414;;0.2804644233855109;;;;;;;1000
475;;;;;0.2790438778996058;3.4484488091930223;;;2.0594086252007364;0.08334391816283121;;0.48069697464801114;;;;;0.0;;1000
476;;;;;0.33105951931963296;4.09126268514854;;;2.4432961392077366;0.09887978081758413;;0.570302099308652;;;;;;;1000
477;;;;;0.2468741557243486;3.050892550434145;;;1.8219886043183156;0.0737355701407317;;0.42527956774658915;;;;;;;1000
478;;;;90.0;2.3537372640953054;29.08769232501468;;9.84;30.77112765067799;0.7030065930568208;;4.054682691780705;;;;;;;1000
479;;;;;1.5157260506247987;18.731475973181755;0.0;;11.18641027208348;0.4527121285420003;;2.61107655331774;;;;;;;1000
480;;;;;1.8270472975153866;22.578811349959256;;;13.484033376667028;0.545696546327847;;3.1473763734406295;;;;;;;1000
481;;;;;0.0387169199431974;0.4784671051689439;;;0.28573986095804527;0.011563843763752718;;0.06669598496291013;;;;;;;1000
482;;;;;0.8570368518633962;10.591336866047188;;;6.325131008526804;0.25597698032971;;1.476380793420633;;;;;;;1000
483;;;;470.0;0.4803123782759902;5.935742655864398;;;3.544816901405492;0.14345813944727118;;0.8274136270652286;;;;;;;1000
484;;;;;1.1840868541919822;14.633049587235618;;;8.738835981153844;0.35365921164902303;;2.039775868995586;;;;;;;1000
