id;from;to;voltage;reactance;resistance;circuits;pmax;;Resistance per phase [ohm/km];Reactance per phase [ohm/km];Length [kM]
0;358;71;220;93.8808;17.60264;4;490;2000;0.01875;0.1;234.702
1;71;201;220;103.1988;19.34976;4;490;2000;0.01875;0.1;257.997
2;223;169;220;211.354;39.62888;4;490;2000;0.01875;0.1;528.385
3;13;206;220;176.3352;33.06284;4;490;2000;0.01875;0.1;440.838
4;21;380;220;163.9316;30.73716;4;490;2000;0.01875;0.1;409.829
5;305;62;380;69.0759;6.07032;3;1700;4000;0.00966667;0.11;209.321
6;455;456;220;126.7556;23.76668;4;490;2000;0.01875;0.1;316.889
7;358;457;380;8.38712;0.73705;1;1700;1700;0.029;0.33;25.4155
8;89;155;380;17.3914;1.52834;1;1700;1700;0.029;0.33;52.7013
9;155;458;380;15.9485;1.40153;1;1700;1700;0.029;0.33;48.3287
10;459;32;380;8.20562;0.7211;2;1700;3400;0.0145;0.165;24.8655
11;89;236;380;9.86206;0.866666;2;1700;3400;0.0145;0.165;29.885
12;16;459;380;25.6195;2.25141;1;1700;1700;0.029;0.33;77.6348
13;16;235;380;16.652;1.46336;1;1700;1700;0.029;0.33;50.4607
14;235;460;380;11.4401;1.00535;1;1700;1700;0.029;0.33;34.6671
15;460;112;380;10.0427;0.88254;1;1700;1700;0.029;0.33;30.4324
16;223;462;380;0.503936;0.0442854;2;1700;3400;0.0145;0.165;1.52708
17;223;475;380;3.45282;0.30343;1;1700;1700;0.029;0.33;10.4631
18;475;455;380;8.12368;0.713899;1;1700;1700;0.029;0.33;24.6172
19;455;476;380;11.6631;1.02494;1;1700;1700;0.029;0.33;35.3428
20;476;461;380;10.9675;0.963812;1;1700;1700;0.029;0.33;33.2349
21;462;13;380;2.74282;0.241036;2;1700;3400;0.0145;0.165;8.3116
22;13;227;380;11.81368;1.03817;2;1700;3400;0.0145;0.165;35.799
23;21;28;380;14.5918;1.28231;1;1700;1700;0.029;0.33;44.2176
24;28;2;380;14.558;1.27934;1;1700;1700;0.029;0.33;44.1153
25;28;277;380;13.104;1.15156;1;1700;1700;0.029;0.33;39.7091
26;99;250;380;9.53162;0.837627;1;1700;1700;0.029;0.33;28.8837
27;277;276;380;7.98458;0.701675;1;1700;1700;0.029;0.33;24.1957
28;18;17;380;31.9621;2.80879;1;1700;1700;0.029;0.33;96.8548
29;172;18;380;28.916;2.5411;2;1700;3400;0.0145;0.165;87.6242
30;152;43;380;29.6128;2.60234;1;1700;1700;0.029;0.33;89.7357
31;477;135;380;30.0995;2.6451;1;1700;1700;0.029;0.33;91.2105
32;181;379;380;14.5215;1.27613;1;1700;1700;0.029;0.33;44.0044
33;379;183;380;21.5131;1.89055;1;1700;1700;0.029;0.33;65.1913
34;183;184;380;12.2697;1.07825;1;1700;1700;0.029;0.33;37.1809
35;478;144;380;17.9762;1.57973;1;1700;1700;0.029;0.33;54.4733
36;479;134;380;4.34287;0.381646;1;1700;1700;0.029;0.33;13.1602
37;134;480;380;23.2764;2.0455;1;1700;1700;0.029;0.33;70.5344
38;17;369;380;14.25558;1.252762;2;1700;3400;0.0145;0.165;43.1987
39;369;206;380;21.7724;1.913336;2;1700;3400;0.0145;0.165;65.9771
40;367;170;380;28.7596;2.52736;1;1700;1700;0.029;0.33;87.1502
41;129;29;380;21.0045;1.84585;1;1700;1700;0.029;0.33;63.65
42;35;118;380;7.27825;0.639604;1;1700;1700;0.029;0.33;22.0553
43;118;129;380;10.0196;0.88051;1;1700;1700;0.029;0.33;30.3624
44;137;463;380;1.334242;0.1172516;2;1700;3400;0.0145;0.165;4.04316
45;170;373;220;36.20442;6.78834;6;490;2550;0.0125;0.0666667;90.5111
46;373;169;380;13.4347;1.18062;1;1700;1700;0.029;0.33;40.7112
47;207;386;380;11.5698;1.01674;1;1700;1700;0.029;0.33;35.06
48;386;191;380;23.2399;2.04229;1;1700;1700;0.029;0.33;70.4238
49;191;179;380;13.9083;1.22225;1;1700;1700;0.029;0.33;42.1465
50;408;464;380;14.9274;1.3118;1;1700;1700;0.029;0.33;45.2344
51;408;465;380;2.84026;0.249599;1;1700;1700;0.029;0.33;8.60685
52;466;408;380;9.49262;0.834199;1;1700;1700;0.029;0.33;28.7655
53;11;289;380;7.79242;0.684789;1;1700;1700;0.029;0.33;23.6134
54;112;115;380;6.46764;0.568368;2;1700;3400;0.0145;0.165;19.5989
55;89;459;380;9.15284;0.804342;2;1700;3400;0.0145;0.165;27.7359
56;21;304;380;25.2648;2.22024;2;1700;3400;0.0145;0.165;76.5602
57;304;467;380;6.85094;0.602052;2;1700;3400;0.0145;0.165;20.7604
58;467;39;380;5.69548;0.500512;2;1700;3400;0.0145;0.165;17.259
59;119;125;380;3.86806;0.33992;2;1700;3400;0.0145;0.165;11.7214
60;305;468;380;1.807974;0.1588826;2;1700;3400;0.0145;0.165;5.47871
61;305;89;380;8.71596;0.765948;1;1700;1700;0.029;0.33;26.412
62;469;88;380;4.13268;0.363176;2;1700;3400;0.0145;0.165;12.5233
63;144;470;380;15.28484;1.343214;2;1700;3400;0.0145;0.165;46.3177
64;470;484;380;8.76824;0.770542;2;1700;3400;0.0145;0.165;26.5704
65;484;483;380;16.18898;1.422668;2;1700;3400;0.0145;0.165;49.0575
66;362;218;380;15.18168;1.334148;2;1700;3400;0.0145;0.165;46.0051
67;343;471;380;5.14216;0.451887;1;1700;1700;0.029;0.33;15.5823
68;23;294;380;20.9721;1.843;1;1700;1700;0.029;0.33;63.5517
69;294;472;380;4.09672;0.360015;1;1700;1700;0.029;0.33;12.4143
70;472;251;380;2.84911;0.250376;1;1700;1700;0.029;0.33;8.63367
71;251;250;380;17.3386;1.52369;1;1700;1700;0.029;0.33;52.5412
72;112;276;380;23.0374;2.0245;2;1700;3400;0.0145;0.165;69.8104
73;371;231;380;13.7645;1.20961;1;1700;1700;0.029;0.33;41.7107
74;119;131;380;75.6248;6.64581;1;1700;1700;0.029;0.33;229.166
75;52;47;380;11.77258;1.03456;2;1700;3400;0.0145;0.165;35.6745
76;473;22;380;8.07781;0.709868;1;1700;1700;0.029;0.33;24.4782
77;22;21;380;11.1925;0.983581;1;1700;1700;0.029;0.33;33.9166
78;59;84;380;5.9707;0.524698;2;1700;3400;0.0145;0.165;18.093
79;23;474;380;21.2806;1.87011;1;1700;1700;0.029;0.33;64.4866
80;474;295;380;7.10002;0.623941;1;1700;1700;0.029;0.33;21.5152
81;295;473;380;11.2874;0.991925;1;1700;1700;0.029;0.33;34.2043
82;378;180;380;20.8934;1.83609;1;1700;1700;0.029;0.33;63.3133
83;150;89;380;18.192;1.59869;1;1700;1700;0.029;0.33;55.1273
84;31;482;380;4.41092;0.387626;2;1700;3400;0.0145;0.165;13.3664
85;23;481;380;16.4125;1.44231;1;1700;1700;0.029;0.33;49.7347
86;481;295;380;12.1047;1.06375;1;1700;1700;0.029;0.33;36.681
87;295;22;380;19.1964;1.68696;1;1700;1700;0.029;0.33;58.171
88;0;20;220;13.77312;2.58246;2;490;980;0.0375;0.2;34.4328
89;1;112;380;19.70157;1.731348;3;1700;5100;0.00966667;0.11;59.7017
90;3;2;380;10.0845;0.886217;1;1700;1700;0.029;0.33;30.5592
91;4;15;380;7.11958;0.62566;2;1700;3400;0.0145;0.165;21.5745
92;5;6;220;8.2994;1.55614;1;490;490;0.075;0.4;20.7485
93;6;288;220;14.571;2.73206;1;490;490;0.075;0.4;36.4275
94;5;288;220;20.7948;3.89903;1;490;490;0.075;0.4;51.9871
95;7;10;220;13.47984;2.52746;2;490;980;0.0375;0.2;33.6996
96;7;193;380;12.5525;1.1031;1;1700;1700;0.029;0.33;38.0379
97;8;2;220;11.34948;2.128026;6;490;2550;0.0125;0.0666667;28.3737
98;9;24;220;69.0924;12.95481;3;490;1275;0.025;0.133333;172.731
99;9;288;220;6.22089;1.166415;3;490;1275;0.025;0.133333;15.5522
100;10;193;220;1.75032;0.328186;2;490;980;0.0375;0.2;4.3758
101;7;240;220;10.889;2.04168;2;490;980;0.0375;0.2;27.2225
102;11;223;380;17.86834;1.570248;2;1700;3400;0.0145;0.165;54.1465
103;11;12;220;1.12333;0.210624;1;490;490;0.075;0.4;2.80832
104;12;230;220;24.3362;4.56304;2;490;980;0.0375;0.2;60.8405
105;13;246;380;2.57084;0.225922;1;1700;1700;0.029;0.33;7.79043
106;12;227;220;13.7476;2.57768;1;490;490;0.075;0.4;34.3691
107;14;12;220;6.51436;1.22144;1;490;490;0.075;0.4;16.2859
108;4;289;380;7.67864;0.674789;1;1700;1700;0.029;0.33;23.2686
109;15;290;380;8.31302;0.73054;2;1700;3400;0.0145;0.165;25.191
110;16;13;220;17.35704;3.25444;2;490;850;0.0375;0.2;43.3926
111;18;291;220;20.62704;3.86757;3;490;1275;0.025;0.133333;51.5676
112;20;229;220;22.9989;4.31229;1;490;490;0.075;0.4;57.4972
113;21;5;220;37.6725;7.06362;3;490;1275;0.025;0.133333;94.1816
114;5;293;220;7.34187;1.376601;3;490;1275;0.025;0.133333;18.3547
115;21;293;220;44.85198;8.40972;6;490;2550;0.0125;0.0666667;112.13
116;22;294;220;70.4868;13.21629;3;490;1275;0.025;0.133333;176.217
117;24;23;220;41.7015;7.81905;3;490;1275;0.025;0.133333;104.254
118;5;296;220;13.86392;2.59948;2;490;980;0.0375;0.2;34.6598
119;25;42;220;12.1035;2.26941;1;490;490;0.075;0.4;30.2588
120;25;26;220;2.79234;0.523564;1;490;490;0.075;0.4;6.98085
121;26;288;380;4.14232;0.364022;2;1700;3400;0.0145;0.165;12.5525
122;27;297;220;2.29449;0.430216;1;490;425;0.075;0.4;5.73622
123;28;298;220;1.492908;0.27992;2;490;850;0.0375;0.2;3.73227
124;17;291;220;18.31809;3.43464;3;490;1275;0.025;0.133333;45.7952
125;17;166;380;12.41576;1.091082;2;1700;3400;0.0145;0.165;37.6235
126;29;299;380;36.0432;3.16744;2;1700;3400;0.0145;0.165;109.222
127;29;200;220;11.42268;2.141751;3;490;1275;0.025;0.133333;28.5567
128;29;281;220;17.8914;3.35464;1;490;490;0.075;0.4;44.7285
129;30;29;220;3.9907;0.748256;2;490;980;0.0375;0.2;9.97674
130;30;31;220;7.145;1.33969;1;490;490;0.075;0.4;17.8625
131;31;29;220;10.9516;2.05343;1;490;490;0.075;0.4;27.3791
132;32;236;220;17.81308;3.33996;2;490;850;0.0375;0.2;44.5327
133;33;301;220;11.6232;3.40524;1;245;245;0.15;0.512;22.7016
134;16;33;220;30.1528;5.65366;2;490;850;0.0375;0.2;75.3821
135;34;29;220;14.6572;2.74823;1;490;490;0.075;0.4;36.643
136;7;302;380;4.71652;0.414482;2;1700;3400;0.0145;0.165;14.2925
137;32;303;220;4.4334;0.831262;2;490;850;0.0375;0.2;11.0835
138;33;303;220;6.7892;1.272974;2;490;850;0.0375;0.2;16.973
139;35;119;380;15.0474;1.32234;1;1700;1700;0.029;0.33;45.5981
140;36;119;380;12.8113;1.12584;1;1700;1700;0.029;0.33;38.8222
141;37;39;380;14.8927;1.30876;1;1700;1700;0.029;0.33;45.1295
142;38;163;220;20.58072;3.85887;3;490;1275;0.025;0.133333;51.4518
143;21;39;220;39.0222;7.31664;3;490;1275;0.025;0.133333;97.5552
144;40;41;380;15.88406;1.395872;2;1700;3400;0.0145;0.165;48.1335
145;41;166;380;12.04722;1.058694;2;1700;3400;0.0145;0.165;36.5067
146;38;39;220;39.6204;7.42884;3;490;1275;0.025;0.133333;99.0513
147;24;294;220;17.45421;3.27267;3;490;1275;0.025;0.133333;43.6355
148;5;42;220;22.71159;6.65379;3;245;735;0.05;0.170667;44.3586
149;5;163;220;40.2507;7.54701;3;490;1275;0.025;0.133333;100.627
150;42;163;220;29.108;8.52773;1;245;245;0.15;0.512;56.8515
151;43;18;380;20.9177;1.83822;1;1700;1700;0.029;0.33;63.387
152;44;159;380;5.20687;0.457574;1;1700;1700;0.029;0.33;15.7784
153;45;44;380;12.3347;1.08396;1;1700;1700;0.029;0.33;37.3779
154;19;305;220;0.532184;0.0997845;1;490;490;0.075;0.4;1.33046
155;46;306;220;2.89746;0.543273;1;490;490;0.075;0.4;7.24364
156;46;230;220;14.2962;4.18834;1;245;245;0.15;0.512;27.9223
157;48;52;380;29.1751;2.56388;1;1700;1700;0.029;0.33;88.4095
158;49;103;220;1.92995;0.361865;1;490;490;0.075;0.4;4.82487
159;50;52;380;19.3377;1.69937;1;1700;1700;0.029;0.33;58.599
160;51;52;380;0.1346704;0.01183466;2;1700;3400;0.0145;0.165;0.408092
161;52;307;380;0.222592;0.0195611;1;1700;1700;0.029;0.33;0.67452
162;52;308;380;10.1661;0.893389;1;1700;1700;0.029;0.33;30.8065
163;53;52;380;22.8851;2.01111;1;1700;1700;0.029;0.33;69.3487
164;52;157;380;14.9383;1.31276;1;1700;1700;0.029;0.33;45.2677
165;52;309;220;0.431644;0.0809332;1;490;490;0.075;0.4;1.07911
166;23;310;380;10.45852;0.919082;2;1700;3400;0.0145;0.165;31.6925
167;54;135;380;23.5926;2.07329;1;1700;1700;0.029;0.33;71.4927
168;23;311;380;13.8586;1.21788;1;1700;1700;0.029;0.33;41.9958
169;55;23;380;19.403;1.70511;1;1700;1700;0.029;0.33;58.797
170;56;48;380;9.59023;0.842778;1;1700;1700;0.029;0.33;29.0613
171;57;56;380;2.0636;0.181347;1;1700;1700;0.029;0.33;6.25334
172;58;48;380;8.8307;0.776031;1;1700;1700;0.029;0.33;26.7597
173;59;253;220;2.870013;0.538128;3;490;1275;0.025;0.133333;7.17503
174;60;253;380;3.80536;0.334411;1;1700;1700;0.029;0.33;11.5314
175;61;59;380;3.93535;0.345834;1;1700;1700;0.029;0.33;11.9253
176;62;147;380;17.2036;1.51183;1;1700;1700;0.029;0.33;52.1321
177;48;92;380;8.00458;0.703433;1;1700;1700;0.029;0.33;24.2563
178;63;48;380;6.43163;0.565204;1;1700;1700;0.029;0.33;19.4898
179;48;47;380;18.5903;1.63369;1;1700;1700;0.029;0.33;56.3342
180;62;312;380;19.2205;1.68907;1;1700;1700;0.029;0.33;58.2438
181;64;145;220;6.82248;1.279214;2;490;980;0.0375;0.2;17.0562
182;65;70;380;6.78404;0.596173;1;1700;1700;0.029;0.33;20.5577
183;65;313;380;20.7048;1.81952;2;1700;3400;0.0145;0.165;62.7421
184;66;314;380;3.81658;0.335397;1;1700;1700;0.029;0.33;11.5654
185;67;256;380;2.29835;0.201976;1;1700;1700;0.029;0.33;6.96469
186;68;84;380;8.58871;0.754766;1;1700;1700;0.029;0.33;26.0264
187;69;88;380;3.92707;0.345106;1;1700;1700;0.029;0.33;11.9002
188;70;120;380;11.4434;1.00564;1;1700;1700;0.029;0.33;34.6771
189;66;88;380;3.35092;0.294475;1;1700;1700;0.029;0.33;10.1543
190;71;256;220;10.0006;1.87511;1;490;490;0.075;0.4;25.0014
191;68;85;380;5.21753;0.45851;1;1700;1700;0.029;0.33;15.8107
192;68;67;380;6.47157;0.568713;3;1700;3890;0.00966667;0.11;19.6108
193;72;252;380;5.14351;0.452006;1;1700;1700;0.029;0.33;15.5864
194;73;67;380;6.24367;0.548686;1;1700;1700;0.029;0.33;18.9202
195;65;110;220;8.93096;1.674556;2;490;980;0.0375;0.2;22.3274
196;74;271;380;7.02161;0.61705;1;1700;1700;0.029;0.33;21.2776
197;67;72;380;4.75398;0.417774;1;1700;1700;0.029;0.33;14.406
198;65;120;380;18.2077;1.60007;1;1700;1700;0.029;0.33;55.1747
199;75;58;220;12.8414;2.40776;2;490;980;0.0375;0.2;32.1035
200;76;48;380;3.7473;0.32931;3;1700;4135;0.00966667;0.11;11.3555
201;77;58;220;10.0797;1.88995;1;490;490;0.075;0.4;25.1993
202;78;48;220;7.84396;1.47074;1;490;490;0.075;0.4;19.6099
203;59;259;220;4.79828;0.899677;1;490;490;0.075;0.4;11.9957
204;79;253;220;4.8258;0.904838;2;490;980;0.0375;0.2;12.0645
205;71;67;220;11.3984;2.13719;1;490;490;0.075;0.4;28.4959
206;78;315;220;2.42378;0.454459;1;490;490;0.075;0.4;6.05946
207;79;82;220;4.47021;1.309629;3;245;735;0.05;0.170667;8.73087
208;78;59;220;8.59848;1.61222;1;490;490;0.075;0.4;21.4962
209;80;316;220;6.47228;1.21355;1;490;490;0.075;0.4;16.1807
210;81;253;220;10.7583;2.01719;1;490;490;0.075;0.4;26.8958
211;82;253;220;1.81394;0.340114;1;490;490;0.075;0.4;4.53486
212;77;253;220;9.06747;2.65648;1;245;245;0.15;0.512;17.7099
213;78;259;220;4.524;0.84825;1;490;490;0.075;0.4;11.31
214;68;317;220;6.90672;1.29501;1;490;490;0.075;0.4;17.2668
215;83;266;220;6.284;1.17825;1;490;490;0.075;0.4;15.71
216;80;68;220;1.81049;0.339466;1;490;490;0.075;0.4;4.52622
217;71;146;220;7.9004;1.48132;1;490;490;0.075;0.4;19.751
218;65;318;220;7.9998;1.49996;1;490;490;0.075;0.4;19.9995
219;83;313;220;18.91064;3.54574;2;490;980;0.0375;0.2;47.2766
220;77;48;220;4.40036;0.825067;1;490;490;0.075;0.4;11.0009
221;84;313;380;22.4135;1.96967;1;1700;1700;0.029;0.33;67.9198
222;71;262;220;8.27108;1.55083;1;490;490;0.075;0.4;20.6777
223;68;81;220;26.9951;7.90873;1;245;245;0.15;0.512;52.7249
224;68;86;220;3.51926;0.65986;1;490;490;0.075;0.4;8.79814
225;85;313;380;22.6301;1.98871;1;1700;1700;0.029;0.33;68.5762
226;68;319;220;33.2562;9.74303;1;245;245;0.15;0.512;64.9535
227;65;320;220;4.64296;0.870554;2;490;980;0.0375;0.2;11.6074
228;65;83;220;6.20256;1.16298;2;490;980;0.0375;0.2;15.5064
229;86;266;220;4.21376;0.79008;1;490;490;0.075;0.4;10.5344
230;87;62;380;12.2787;1.07904;1;1700;1700;0.029;0.33;37.2082
231;88;321;380;0.813561;0.0714948;3;1700;5100;0.00966667;0.11;2.46534
232;90;322;220;12.0368;2.25691;1;490;490;0.075;0.4;30.0921
233;64;146;220;4.04064;0.75762;2;490;980;0.0375;0.2;10.1016
234;91;110;220;1.53698;0.288184;2;490;980;0.0375;0.2;3.84245
235;64;67;220;4.085;0.765938;1;490;490;0.075;0.4;10.2125
236;67;323;380;3.20788;0.281905;1;1700;1700;0.029;0.33;9.72085
237;92;324;380;2.08736;0.1834342;2;1700;3400;0.0145;0.165;6.32532
238;92;114;380;8.89056;0.781292;1;1700;1700;0.029;0.33;26.9411
239;93;114;380;2.52481;0.221877;1;1700;1700;0.029;0.33;7.65094
240;94;114;220;8.212;1.53975;2;490;980;0.0375;0.2;20.53
241;95;57;380;2.46645;0.216748;1;1700;1700;0.029;0.33;7.47408
242;76;57;220;4.99576;0.936705;1;490;490;0.075;0.4;12.4894
243;77;57;220;5.37828;1.00843;1;490;490;0.075;0.4;13.4457
244;57;325;220;1.183536;0.221914;2;490;980;0.0375;0.2;2.95884
245;95;58;380;5.94399;0.522351;1;1700;1700;0.029;0.33;18.0121
246;57;326;220;3.5919;1.052316;3;245;735;0.05;0.170667;7.01545
247;96;103;220;4.09312;0.76746;2;490;980;0.0375;0.2;10.2328
248;58;327;220;6.92048;1.29759;2;490;980;0.0375;0.2;17.3012
249;67;258;380;9.3485;0.821535;1;1700;1700;0.029;0.33;28.3288
250;58;328;220;6.70292;1.2568;1;490;490;0.075;0.4;16.7573
251;71;329;220;6.38792;1.19773;1;490;490;0.075;0.4;15.9698
252;71;263;220;2.89312;0.54246;1;490;490;0.075;0.4;7.2328
253;49;71;220;3.16816;0.59403;1;490;490;0.075;0.4;7.9204
254;97;24;220;17.0152;3.19036;2;490;980;0.0375;0.2;42.538
255;98;313;220;8.18764;1.53518;1;490;490;0.075;0.4;20.4691
256;99;288;220;32.3726;6.06985;1;490;490;0.075;0.4;80.9314
257;100;250;220;19.361;3.63019;1;490;490;0.075;0.4;48.4026
258;100;288;220;28.9856;5.43479;1;490;490;0.075;0.4;72.4639
259;101;16;380;9.10598;0.800224;2;1700;3400;0.0145;0.165;27.5939
260;101;289;380;5.95692;0.523488;3;1700;5100;0.00966667;0.11;18.0513
261;102;104;220;5.65591;1.657;1;245;245;0.15;0.512;11.0467
262;102;103;220;6.1042;1.14454;1;490;490;0.075;0.4;15.2605
263;102;330;380;2.82967;0.248668;1;1700;1700;0.029;0.33;8.57476
264;102;107;380;4.04158;0.355169;1;1700;1700;0.029;0.33;12.2472
265;57;327;220;3.86532;0.724746;2;490;980;0.0375;0.2;9.66329
266;103;329;220;1.59867;0.299751;1;490;490;0.075;0.4;3.99668
267;104;103;220;2.14286;0.401786;1;490;490;0.075;0.4;5.35715
268;103;331;220;0.89808;0.16839;1;490;490;0.075;0.4;2.2452
269;105;241;220;13.25409;2.48514;3;490;1275;0.025;0.133333;33.1352
270;106;327;220;2.2122;0.414786;2;490;980;0.0375;0.2;5.53048
271;23;332;220;0.22096;0.0414298;2;490;980;0.0375;0.2;0.552398
272;58;330;380;4.4613;0.392054;1;1700;1700;0.029;0.33;13.5191
273;58;107;380;2.57134;0.225967;1;1700;1700;0.029;0.33;7.79195
274;106;333;220;2.1004;0.393825;1;490;490;0.075;0.4;5.251
275;107;334;380;0.1453148;0.0127701;2;1700;3400;0.0145;0.165;0.440348
276;106;335;220;2.3478;0.440212;1;490;490;0.075;0.4;5.86949
277;106;336;220;1.50488;0.282166;1;490;490;0.075;0.4;3.76221
278;108;335;220;2.69812;0.505898;1;490;490;0.075;0.4;6.74531
279;62;337;380;0.56502;0.0496532;2;1700;3400;0.0145;0.165;1.71218
280;108;106;220;4.94924;0.927983;1;490;490;0.075;0.4;12.3731
281;109;114;220;9.86276;2.88948;1;245;245;0.15;0.512;19.2632
282;110;67;220;3.43714;0.644464;1;490;490;0.075;0.4;8.59286
283;111;333;220;0.942792;0.1767736;2;490;980;0.0375;0.2;2.35698
284;113;52;380;0.345507;0.0303627;1;1700;1700;0.029;0.33;1.04699
285;81;338;220;7.8054;1.463512;2;490;980;0.0375;0.2;19.5135
286;81;339;220;2.0907;0.612509;1;245;245;0.15;0.512;4.08339
287;67;340;380;1.852986;0.1628382;2;1700;3400;0.0145;0.165;5.61511
288;114;202;220;10.2764;1.92682;1;490;490;0.075;0.4;25.6909
289;114;341;380;7.03451;0.618184;1;1700;1700;0.029;0.33;21.3167
290;112;53;380;19.6041;1.72279;1;1700;1700;0.029;0.33;59.4065
291;112;20;380;0.338306;0.02972992;4;1700;6800;0.00725;0.0825;1.02517
292;116;1;380;0.534382;0.0469609;1;1700;1700;0.029;0.33;1.61934
293;54;124;380;5.7223;0.502869;1;1700;1700;0.029;0.33;17.3403
294;54;119;380;35.2054;3.09381;1;1700;1700;0.029;0.33;106.683
295;117;54;380;13.5402;1.1899;1;1700;1700;0.029;0.33;41.031
296;118;342;220;21.40284;6.27036;3;245;735;0.05;0.170667;41.8024
297;120;119;380;36.3138;3.19122;2;1700;3400;0.0145;0.165;110.042
298;121;119;380;32.2142;2.83094;2;1700;3400;0.0145;0.165;97.6185
299;122;310;380;2.35669;0.207103;1;1700;1700;0.029;0.33;7.14147
300;23;343;220;13.1938;2.47384;1;490;490;0.075;0.4;32.9845
301;97;23;220;31.2625;5.86171;1;490;490;0.075;0.4;78.1562
302;123;115;380;13.70394;1.204286;2;1700;3400;0.0145;0.165;41.5271
303;123;210;380;4.36032;0.38318;2;1700;3400;0.0145;0.165;13.2131
304;53;157;220;11.7694;2.20676;5;490;2190;0.015;0.08;29.4235
305;89;249;380;17.9889;1.58084;1;1700;1700;0.029;0.33;54.5117
306;19;322;220;10.24844;1.921582;2;490;980;0.0375;0.2;25.6211
307;124;29;220;35.1852;6.59724;2;490;850;0.0375;0.2;87.9632
308;125;344;220;22.545;4.22718;1;490;490;0.075;0.4;56.3624
309;126;125;220;5.03864;0.944745;1;490;490;0.075;0.4;12.5966
310;127;126;220;18.2231;3.41683;1;490;490;0.075;0.4;45.5577
311;126;344;220;17.5805;3.29634;1;490;490;0.075;0.4;43.9512
312;128;229;220;21.994;6.44356;1;245;245;0.15;0.512;42.9571
313;3;1;380;15.0472;1.32233;1;1700;1700;0.029;0.33;45.5976
314;121;130;380;32.1556;2.82579;1;1700;1700;0.029;0.33;97.4412
315;129;345;220;5.69032;1.06693;1;490;490;0.075;0.4;14.2258
316;130;346;380;11.94454;1.049672;2;1700;3400;0.0145;0.165;36.1956
317;131;299;380;19.16356;1.68407;2;1700;3400;0.0145;0.165;58.0714
318;132;134;220;6.07236;1.13857;1;490;490;0.075;0.4;15.1809
319;133;342;220;30.1226;5.64799;1;490;490;0.075;0.4;75.3065
320;134;130;380;4.9997;0.439367;1;1700;1700;0.029;0.33;15.1506
321;117;135;380;10.8155;0.950452;1;1700;1700;0.029;0.33;32.7742
322;135;347;220;7.73472;1.45026;1;490;490;0.075;0.4;19.3368
323;136;135;220;8.77868;1.646;1;490;490;0.075;0.4;21.9467
324;118;348;220;10.4638;1.96196;1;490;490;0.075;0.4;26.1594
325;137;349;380;14.7995;1.30056;1;1700;1700;0.029;0.33;44.847
326;36;137;380;4.6461;0.408294;2;1700;3400;0.0145;0.165;14.0791
327;35;138;380;6.00527;0.527736;1;1700;1700;0.029;0.33;18.1978
328;138;167;380;1.0954;0.096262;1;1700;1700;0.029;0.33;3.31938
329;35;167;380;5.91324;0.519648;1;1700;1700;0.029;0.33;17.9189
330;132;139;220;25.0212;4.69148;2;490;980;0.0375;0.2;62.5532
331;139;130;380;20.5596;1.80676;1;1700;1700;0.029;0.33;62.3019
332;140;341;380;1.715;0.150712;1;1700;1700;0.029;0.33;5.19697
333;92;341;380;2.76846;0.243289;1;1700;1700;0.029;0.33;8.38928
334;114;350;380;0.235698;0.0207128;1;1700;1700;0.029;0.33;0.714236
335;114;351;220;0.229518;0.0430346;1;490;490;0.075;0.4;0.573795
336;114;352;220;0.221409;0.0415142;1;490;490;0.075;0.4;0.553522
337;114;353;220;0.198488;0.0372165;1;490;490;0.075;0.4;0.49622
338;62;272;380;0.458291;0.040274;1;1700;1700;0.029;0.33;1.38876
339;119;209;220;25.1706;7.37421;1;245;245;0.15;0.512;49.1614
340;120;354;220;24.4206;4.57885;1;490;490;0.075;0.4;61.0514
341;141;136;220;22.4268;6.57036;1;245;245;0.15;0.512;43.8024
342;119;355;380;2.7694;0.243372;2;1700;3400;0.0145;0.165;8.39214
343;119;127;220;21.0158;3.94048;2;490;980;0.0375;0.2;52.5397
344;142;274;220;6.00656;1.12623;1;490;490;0.075;0.4;15.0164
345;143;241;220;12.44116;2.33272;2;490;850;0.0375;0.2;31.1029
346;143;199;220;16.1106;3.02074;2;490;850;0.0375;0.2;40.2765
347;53;156;220;6.59688;1.236914;2;490;980;0.0375;0.2;16.4922
348;10;356;220;16.6296;3.11804;2;490;980;0.0375;0.2;41.574
349;145;357;220;1.286088;0.241142;2;490;980;0.0375;0.2;3.21522
350;146;145;220;3.05277;0.572395;1;490;490;0.075;0.4;7.63193
351;147;312;380;13.1872;1.15887;1;1700;1700;0.029;0.33;39.9611
352;41;147;380;8.98418;0.78952;2;1700;3400;0.0145;0.165;27.2248
353;148;313;220;4.73488;0.88779;1;490;490;0.075;0.4;11.8372
354;149;313;380;9.77519;0.859032;1;1700;1700;0.029;0.33;29.6218
355;150;358;220;0.61624;0.115545;1;490;490;0.075;0.4;1.5406
356;120;359;220;1.57839;0.295949;1;490;490;0.075;0.4;3.94598
357;120;360;380;3.41883;0.300443;1;1700;1700;0.029;0.33;10.3601
358;19;361;220;0.30311;0.0888018;1;245;245;0.15;0.512;0.592012
359;21;160;220;6.77912;1.271086;2;490;980;0.0375;0.2;16.9478
360;97;343;220;23.7848;4.45966;1;490;490;0.075;0.4;59.4621
361;152;219;380;22.484;1.975862;2;1700;3400;0.0145;0.165;68.1332
362;152;153;220;15.6691;2.93796;1;490;490;0.075;0.4;39.1728
363;153;188;220;21.3332;3.99997;1;490;490;0.075;0.4;53.333
364;154;362;380;4.14602;0.364347;1;1700;1700;0.029;0.33;12.5637
365;142;233;220;12.17704;2.2832;2;490;980;0.0375;0.2;30.4426
366;156;157;220;5.8912;1.1046;4;490;1960;0.01875;0.1;14.728
367;157;363;220;3.91648;0.734339;1;490;490;0.075;0.4;9.79119
368;34;243;220;10.9602;2.05504;1;490;490;0.075;0.4;27.4006
369;158;157;220;5.70813;1.6723;1;245;245;0.15;0.512;11.1487
370;4;55;380;21.9707;1.93076;1;1700;1700;0.029;0.33;66.578
371;4;311;380;28.6443;2.51722;1;1700;1700;0.029;0.33;86.8008
372;159;364;380;12.6327;1.11014;1;1700;1700;0.029;0.33;38.2808
373;159;365;380;1.431618;0.1258089;3;1700;5100;0.00966667;0.11;4.33824
374;160;161;220;9.84332;1.84562;1;490;490;0.075;0.4;24.6083
375;21;161;380;13.21864;1.161638;2;1700;3530;0.0145;0.165;40.0565
376;161;163;220;62.004;11.62572;6;490;2550;0.0125;0.0666667;155.01
377;43;366;220;5.74288;1.07679;2;490;980;0.0375;0.2;14.3572
378;43;367;220;18.59946;3.487404;6;490;2550;0.0125;0.0666667;46.4987
379;109;140;220;0.48558;0.0910463;1;490;490;0.075;0.4;1.21395
380;2;368;220;4.94568;1.44893;1;245;245;0.15;0.512;9.65954
381;2;162;220;5.2292;0.980475;1;490;490;0.075;0.4;13.073
382;2;277;220;2.5693;0.481744;1;490;490;0.075;0.4;6.42325
383;162;276;220;10.1079;1.89523;1;490;490;0.075;0.4;25.2697
384;33;322;220;13.7028;2.56927;1;490;490;0.075;0.4;34.257
385;65;67;380;10.0166;0.880243;1;1700;1700;0.029;0.33;30.3532
386;73;65;220;4.73596;0.887992;2;490;850;0.0375;0.2;11.8399
387;37;163;220;45.4977;8.5308;3;490;1275;0.025;0.133333;113.744
388;163;219;380;22.4218;1.970404;2;1700;3400;0.0145;0.165;67.945
389;164;53;220;12.0235;2.25441;1;490;490;0.075;0.4;30.0588
390;2;275;380;2.94492;0.258796;1;1700;1700;0.029;0.33;8.92399
391;18;367;380;15.9059;1.39779;1;1700;1700;0.029;0.33;48.1998
392;2;290;380;26.0042;2.28522;2;1700;3400;0.0145;0.165;78.8008
393;165;283;380;14.30216;1.256858;2;1700;3400;0.0145;0.165;43.3399
394;166;165;380;9.3564;0.822228;2;1700;3400;0.0145;0.165;28.3527
395;167;369;380;25.1638;2.21138;2;1700;3400;0.0145;0.165;76.2542
396;166;362;380;21.7642;1.91261;2;1700;3400;0.0145;0.165;65.9521
397;168;370;220;0.0698916;0.01310468;2;490;850;0.0375;0.2;0.174729
398;169;370;220;4.68732;0.878871;3;490;1275;0.025;0.133333;11.7183
399;169;199;380;9.18288;0.80698;2;1700;3400;0.0145;0.165;27.8269
400;170;371;220;27.4786;5.15222;2;490;850;0.0375;0.2;68.6964
401;169;372;220;2.20042;0.412578;2;490;850;0.0375;0.2;5.50103
402;171;373;380;15.9653;1.40301;1;1700;1700;0.029;0.33;48.3796
403;172;153;380;4.40926;0.387481;1;1700;1700;0.029;0.33;13.3614
404;153;219;220;25.62846;4.80534;6;490;2550;0.0125;0.0666667;64.0712
405;7;174;380;15.25742;1.340804;2;1700;3400;0.0145;0.165;46.2346
406;173;374;380;6.4317;0.56521;1;1700;1700;0.029;0.33;19.49
407;174;173;380;11.0802;0.973713;1;1700;1700;0.029;0.33;33.5763
408;174;375;380;0.285238;0.0250664;2;1700;3400;0.0145;0.165;0.864358
409;174;374;380;5.34171;0.469423;1;1700;1700;0.029;0.33;16.187
410;144;133;220;38.3422;7.18916;1;490;490;0.075;0.4;95.8554
411;144;121;220;38.437;7.20696;2;490;850;0.0375;0.2;96.0927
412;175;134;220;8.94135;1.676505;3;490;1275;0.025;0.133333;22.3534
413;176;175;220;12.66795;2.375241;3;490;1275;0.025;0.133333;31.6699
414;131;29;380;52.5898;4.62153;1;1700;1700;0.029;0.33;159.363
415;152;376;220;10.54864;1.97787;2;490;980;0.0375;0.2;26.3716
416;177;364;220;20.4804;3.840072;6;490;2550;0.0125;0.0666667;51.201
417;152;178;220;29.39799;5.51211;3;490;1275;0.025;0.133333;73.495
418;178;377;220;16.62423;3.11706;3;490;1275;0.025;0.133333;41.5606
419;152;377;220;12.80028;2.400051;3;490;1275;0.025;0.133333;32.0007
420;181;43;220;20.97108;3.932076;6;490;2550;0.0125;0.0666667;52.4277
421;182;170;380;15.4266;1.35567;1;1700;1700;0.029;0.33;46.7473
422;181;182;380;12.0363;1.05774;1;1700;1700;0.029;0.33;36.4737
423;180;380;380;19.68078;1.729522;2;1700;3400;0.0145;0.165;59.6387
424;180;184;220;40.9308;7.67452;2;490;850;0.0375;0.2;102.327
425;35;36;220;10.98544;2.05976;2;490;850;0.0375;0.2;27.4636
426;35;381;220;18.8459;3.53361;1;490;490;0.075;0.4;47.1148
427;178;364;220;12.05668;2.26062;2;490;850;0.0375;0.2;30.1417
428;185;153;220;9.63984;1.80747;3;490;1470;0.025;0.133333;24.0996
429;186;153;220;9.89184;2.898;1;245;245;0.15;0.512;19.32
430;186;382;220;43.4472;8.14635;1;490;490;0.075;0.4;108.618
431;153;382;220;65.5017;19.1899;1;245;245;0.15;0.512;127.933
432;187;367;220;2.96667;0.556251;6;490;2550;0.0125;0.0666667;7.41668
433;152;383;220;5.30896;0.99543;2;490;980;0.0375;0.2;13.2724
434;188;384;220;11.0242;2.06704;2;490;980;0.0375;0.2;27.5605
435;18;382;220;22.409;4.2017;2;490;980;0.0375;0.2;56.0227
436;39;18;380;23.1814;2.03714;2;1700;3400;0.0145;0.165;70.2464
437;189;385;220;1.849374;0.346758;6;490;2550;0.0125;0.0666667;4.62344
438;190;27;380;2.07206;0.18209;1;1700;1700;0.029;0.33;6.27898
439;26;27;380;1.59984;0.140592;1;1700;1700;0.029;0.33;4.84799
440;190;385;380;1.37376;0.120724;1;1700;1700;0.029;0.33;4.1629
441;184;386;220;22.2993;4.18112;1;490;490;0.075;0.4;55.7483
442;191;387;220;9.01792;1.69086;1;490;490;0.075;0.4;22.5448
443;10;192;220;10.4163;1.95306;1;490;490;0.075;0.4;26.0408
444;192;388;220;15.288;2.86651;1;490;490;0.075;0.4;38.2201
445;193;388;220;26.223;4.91682;2;490;850;0.0375;0.2;65.5575
446;194;193;380;5.69148;0.50016;2;1700;3400;0.0145;0.165;17.2469
447;193;380;380;18.01701;1.583313;3;1700;5100;0.00966667;0.11;54.597
448;132;130;220;0.1322384;0.0247946;2;490;850;0.0375;0.2;0.330596
449;173;132;220;22.4639;4.21198;1;490;490;0.075;0.4;56.1598
450;483;195;220;25.3372;4.75072;2;490;980;0.0375;0.2;63.3429
451;195;243;220;18.61172;3.489696;4;490;1960;0.01875;0.1;46.5293
452;94;389;220;0.62882;0.1179038;2;490;980;0.0375;0.2;1.57205
453;68;390;220;1.440024;0.270004;2;490;980;0.0375;0.2;3.60006
454;198;189;380;0.184273;0.0161937;1;1700;1700;0.029;0.33;0.558404
455;199;391;220;17.4168;3.26565;3;490;1275;0.025;0.133333;43.542
456;200;281;220;7.08188;1.327852;2;490;850;0.0375;0.2;17.7047
457;201;391;220;6.33249;1.18734;3;490;1275;0.025;0.133333;15.8312
458;131;392;380;2.15991;0.18981;1;1700;1700;0.029;0.33;6.54517
459;16;393;220;11.4898;2.15434;2;490;850;0.0375;0.2;28.7245
460;33;393;220;21.793;4.08618;2;490;850;0.0375;0.2;54.4825
461;141;394;220;0.525004;0.0984382;2;490;980;0.0375;0.2;1.31251
462;141;395;220;0.1692276;0.0317302;2;490;980;0.0375;0.2;0.423069
463;141;396;220;0.371228;0.0696054;2;490;980;0.0375;0.2;0.928071
464;54;197;380;6.1709;0.542292;2;1700;3400;0.0145;0.165;18.6997
465;196;135;220;7.7184;1.4472;2;490;980;0.0375;0.2;19.296
466;184;397;220;12.8169;2.40317;1;490;490;0.075;0.4;32.0423
467;202;398;220;1.39573;0.261699;1;490;490;0.075;0.4;3.48932
468;30;399;220;0.96408;0.180765;1;490;490;0.075;0.4;2.4102
469;115;400;380;1.53029;0.13448;1;1700;1700;0.029;0.33;4.63725
470;203;204;220;5.68881;1.06665;3;490;1275;0.025;0.133333;14.222
471;204;401;220;4.16268;0.780501;3;490;1275;0.025;0.133333;10.4067
472;8;28;220;9.8793;1.852374;6;490;2550;0.0125;0.0666667;24.6983
473;176;401;220;6.51396;1.221366;3;490;1275;0.025;0.133333;16.2849
474;205;276;220;8.71912;1.63483;1;490;490;0.075;0.4;21.7978
475;169;402;220;10.0254;1.87977;1;490;490;0.075;0.4;25.0636
476;206;170;220;0.863886;0.1619784;6;490;3040;0.0125;0.0666667;2.15971
477;206;403;220;2.01135;0.377128;1;490;490;0.075;0.4;5.02837
478;207;206;220;33.5177;6.28456;1;490;490;0.075;0.4;83.7942
479;167;208;220;6.2652;1.174725;3;490;1275;0.025;0.133333;15.663
480;167;170;220;35.4051;6.63846;3;490;1275;0.025;0.133333;88.5129
481;208;170;220;31.3918;5.88594;2;490;850;0.0375;0.2;78.4793
482;209;127;220;18.8136;5.5118;1;245;245;0.15;0.512;36.7453
483;210;40;380;9.7087;0.853188;2;1700;3400;0.0145;0.165;29.4203
484;210;404;220;4.29552;0.80541;1;490;490;0.075;0.4;10.7388
485;211;404;220;12.6441;3.70432;1;245;245;0.15;0.512;24.6955
486;210;211;220;11.39332;2.13624;2;490;980;0.0375;0.2;28.4833
487;212;211;220;3.85856;0.72348;2;490;980;0.0375;0.2;9.64641
488;213;208;220;16.33096;3.06206;2;490;980;0.0375;0.2;40.8274
489;181;405;380;22.7601;2.00013;1;1700;1700;0.029;0.33;68.9701
490;207;181;380;29.9273;2.62998;1;1700;1700;0.029;0.33;90.6889
491;207;405;380;7.28798;0.640459;1;1700;1700;0.029;0.33;22.0848
492;214;208;220;6.45604;1.21051;1;490;490;0.075;0.4;16.1401
493;207;213;220;40.5596;7.60492;1;490;490;0.075;0.4;101.399
494;82;406;220;0.178376;0.0334456;1;490;490;0.075;0.4;0.445941
495;215;134;220;14.3236;2.68568;2;490;850;0.0375;0.2;35.809
496;216;171;220;7.76652;1.456222;2;490;850;0.0375;0.2;19.4163
497;217;346;220;0.477012;0.0894398;2;490;850;0.0375;0.2;1.19253
498;218;167;380;5.65349;0.496822;1;1700;1700;0.029;0.33;17.1318
499;13;287;380;15.7345;1.38273;1;1700;1700;0.029;0.33;47.6803
500;45;163;380;11.9199;1.04751;1;1700;1700;0.029;0.33;36.1209
501;219;159;380;25.8675;2.27321;1;1700;1700;0.029;0.33;78.3865
502;45;219;380;30.8217;2.70857;1;1700;1700;0.029;0.33;93.399
503;220;199;220;3.671;0.688312;1;490;490;0.075;0.4;9.17749
504;210;221;220;0.876736;0.164388;2;490;980;0.0375;0.2;2.19184
505;221;211;220;12.1488;2.27789;1;490;490;0.075;0.4;30.3719
506;222;230;220;11.5427;3.38166;1;245;245;0.15;0.512;22.5444
507;46;222;220;5.2457;1.53682;1;245;245;0.15;0.512;10.2455
508;223;245;220;7.23252;1.3561;1;490;490;0.075;0.4;18.0813
509;54;347;220;21.8844;4.10332;1;490;490;0.075;0.4;54.7109
510;121;199;380;3.53067;0.310271;1;1700;1700;0.029;0.33;10.699
511;224;199;380;4.50876;0.396224;1;1700;1700;0.029;0.33;13.6629
512;224;176;380;8.14163;0.715476;1;1700;1700;0.029;0.33;24.6716
513;225;346;380;0.2708576;0.02380264;4;1700;6800;0.00725;0.0825;0.820781
514;210;407;220;13.4907;2.52951;1;490;490;0.075;0.4;33.7268
515;12;408;220;18.4343;3.45643;1;490;490;0.075;0.4;46.0857
516;226;281;220;3.28614;0.616151;1;490;490;0.075;0.4;8.21535
517;227;409;220;1.3494;0.253013;1;490;490;0.075;0.4;3.37351
518;16;227;220;3.46686;0.650038;2;490;980;0.0375;0.2;8.66717
519;227;228;220;2.00866;0.376624;1;490;490;0.075;0.4;5.02165
520;228;409;220;0.962808;0.180527;1;490;490;0.075;0.4;2.40702
521;229;276;220;6.95603;2.0379;1;245;245;0.15;0.512;13.586
522;230;151;220;21.6371;4.05695;1;490;490;0.075;0.4;54.0927
523;126;345;220;4.44964;0.834308;2;490;980;0.0375;0.2;11.1241
524;231;281;220;13.8617;2.59906;1;490;490;0.075;0.4;34.6542
525;232;281;220;1.185696;0.222318;2;490;980;0.0375;0.2;2.96424
526;233;283;220;14.88608;2.79114;2;490;980;0.0375;0.2;37.2152
527;131;410;220;0.726176;0.136158;4;490;1960;0.01875;0.1;1.81544
528;234;29;220;1.059124;0.1985858;2;490;980;0.0375;0.2;2.64781
529;210;87;380;7.18374;0.631298;1;1700;1700;0.029;0.33;21.7689
530;162;411;220;1.398248;0.262172;2;490;980;0.0375;0.2;3.49562
531;162;412;220;0.874644;0.1639958;2;490;980;0.0375;0.2;2.18661
532;235;301;220;14.7349;4.31686;1;245;245;0.15;0.512;28.7791
533;29;413;380;0.219728;0.0193094;1;1700;1700;0.029;0.33;0.665842
534;236;90;220;0.085218;0.01597838;2;490;850;0.0375;0.2;0.213045
535;89;322;220;0.0776516;0.01455968;2;490;980;0.0375;0.2;0.194129
536;149;362;380;10.3168;0.90663;1;1700;1700;0.029;0.33;31.2631
537;29;201;220;11.40495;2.13843;3;490;1275;0.025;0.133333;28.5124
538;14;227;220;7.24744;1.35889;1;490;490;0.075;0.4;18.1186
539;237;45;380;2.162619;0.1900482;3;1700;5100;0.00966667;0.11;6.55339
540;88;414;380;6.21152;0.545861;1;1700;1700;0.029;0.33;18.8228
541;238;414;380;1.15836;0.101796;1;1700;1700;0.029;0.33;3.51019
542;239;415;220;0.307808;0.057714;2;490;980;0.0375;0.2;0.769521
543;240;415;220;24.872;4.66352;2;490;980;0.0375;0.2;62.1802
544;42;416;220;12.1316;2.27467;1;490;490;0.075;0.4;30.329
545;25;416;220;0.0479536;0.0089913;1;490;490;0.075;0.4;0.119884
546;26;416;220;2.75448;0.516464;1;490;490;0.075;0.4;6.88619
547;131;417;380;18.3523;1.61278;1;1700;1700;0.029;0.33;55.6131
548;241;417;380;16.7543;1.47234;1;1700;1700;0.029;0.33;50.7705
549;242;417;380;4.98528;0.4381;1;1700;1700;0.029;0.33;15.1069
550;243;418;220;18.4002;3.45004;2;490;980;0.0375;0.2;46.0005
551;244;418;220;0.13071;0.0245082;2;490;980;0.0375;0.2;0.326775
552;29;418;220;7.34932;1.377998;2;490;980;0.0375;0.2;18.3733
553;12;419;220;14.5604;2.73008;1;490;490;0.075;0.4;36.4011
554;245;419;220;4.57232;0.85731;1;490;490;0.075;0.4;11.4308
555;246;419;220;3.08806;0.579011;1;490;490;0.075;0.4;7.72015
556;18;420;380;7.78932;0.684516;1;1700;1700;0.029;0.33;23.604
557;247;420;380;1.16633;0.102496;1;1700;1700;0.029;0.33;3.53434
558;43;420;380;14.7045;1.29221;1;1700;1700;0.029;0.33;44.5591
559;52;421;380;20.212;1.7762;1;1700;1700;0.029;0.33;61.2484
560;248;421;380;0.00811203;0.000712875;1;1700;1700;0.029;0.33;0.0245819
561;249;421;380;3.84104;0.337545;1;1700;1700;0.029;0.33;11.6395
562;202;422;220;18.916;5.54181;1;245;245;0.15;0.512;36.9454
563;157;422;220;18.6114;5.45256;1;245;245;0.15;0.512;36.3504
564;52;422;220;16.0448;4.70062;1;245;245;0.15;0.512;31.3375
565;250;423;220;21.0151;3.94033;1;490;490;0.075;0.4;52.5378
566;251;423;220;0.061126;0.0114611;1;490;490;0.075;0.4;0.152815
567;23;423;220;31.8363;5.9693;1;490;490;0.075;0.4;79.5907
568;74;424;380;7.25502;0.637562;1;1700;1700;0.029;0.33;21.9849
569;61;424;380;2.59289;0.22786;1;1700;1700;0.029;0.33;7.85725
570;92;424;380;4.57892;0.40239;1;1700;1700;0.029;0.33;13.8755
571;63;425;380;2.87199;0.252387;1;1700;1700;0.029;0.33;8.70299
572;252;425;380;10.3598;0.910403;1;1700;1700;0.029;0.33;31.3932
573;253;425;380;0.0784219;0.00689162;1;1700;1700;0.029;0.33;0.237642
574;254;426;380;0.136907;0.0120312;1;1700;1700;0.029;0.33;0.41487
575;92;426;380;4.46276;0.392182;1;1700;1700;0.029;0.33;13.5235
576;61;426;380;2.42084;0.212741;1;1700;1700;0.029;0.33;7.33588
577;88;427;380;17.66998;1.552816;2;1700;3400;0.0145;0.165;53.5454
578;135;427;380;17.29242;1.519638;2;1700;3400;0.0145;0.165;52.4013
579;255;427;380;0.085864;0.00754562;2;1700;3400;0.0145;0.165;0.260194
580;256;428;380;0.0950149;0.0083498;1;1700;1700;0.029;0.33;0.287924
581;68;428;380;8.32989;0.732021;1;1700;1700;0.029;0.33;25.2421
582;72;428;380;5.48153;0.48171;1;1700;1700;0.029;0.33;16.6107
583;257;429;380;3.43613;0.301963;1;1700;1700;0.029;0.33;10.4125
584;258;429;380;3.85028;0.338358;1;1700;1700;0.029;0.33;11.6675
585;102;429;380;5.3754;0.472384;1;1700;1700;0.029;0.33;16.2891
586;82;430;220;4.0946;0.767737;1;490;490;0.075;0.4;10.2365
587;78;430;220;3.49413;0.65515;1;490;490;0.075;0.4;8.73533
588;48;430;220;6.416;1.203;1;490;490;0.075;0.4;16.04
589;114;431;220;12.5854;2.35976;1;490;490;0.075;0.4;31.4635
590;259;431;220;3.94869;0.740379;1;490;490;0.075;0.4;9.87172
591;254;431;220;0.0790456;0.0148211;1;490;490;0.075;0.4;0.197614
592;59;432;220;1.45808;0.27339;1;490;490;0.075;0.4;3.6452
593;82;432;220;2.24069;0.42013;1;490;490;0.075;0.4;5.60173
594;260;432;220;0.65144;0.122145;1;490;490;0.075;0.4;1.6286
595;109;433;220;3.59615;1.05356;1;245;245;0.15;0.512;7.02373
596;78;433;220;2.81653;0.528099;1;490;490;0.075;0.4;7.04132
597;261;433;220;0.650968;0.122056;1;490;490;0.075;0.4;1.62742
598;114;433;220;13.3724;3.9177;1;245;245;0.15;0.512;26.118
599;102;434;220;9.3526;2.74002;1;245;245;0.15;0.512;18.2668
600;262;434;220;8.22144;2.40863;1;245;245;0.15;0.512;16.0575
601;263;434;220;1.48751;0.435794;1;245;245;0.15;0.512;2.90529
602;65;435;220;2.47766;0.46456;1;490;490;0.075;0.4;6.19414
603;264;435;220;1.06631;0.199933;1;490;490;0.075;0.4;2.66578
604;110;435;220;6.45596;1.21049;1;490;490;0.075;0.4;16.1399
605;265;436;220;0.041484;0.00777825;1;490;490;0.075;0.4;0.10371
606;266;436;220;3.73478;0.700271;1;490;490;0.075;0.4;9.33695
607;83;436;220;3.05496;0.572806;1;490;490;0.075;0.4;7.63741
608;58;437;220;5.37805;1.5756;1;245;245;0.15;0.512;10.504
609;267;437;220;2.60191;0.762278;1;245;245;0.15;0.512;5.08185
610;102;437;220;4.58973;1.34465;1;245;245;0.15;0.512;8.96431
611;62;438;380;4.50836;0.396189;1;1700;1700;0.029;0.33;13.6617
612;50;438;380;10.2792;0.903327;1;1700;1700;0.029;0.33;31.1492
613;114;438;380;3.8084;0.334677;1;1700;1700;0.029;0.33;11.5406
614;264;439;220;1.06282;0.199278;1;490;490;0.075;0.4;2.65704
615;110;439;220;6.46684;1.21253;1;490;490;0.075;0.4;16.1671
616;65;439;220;2.46625;0.462422;1;490;490;0.075;0.4;6.16563
617;268;440;380;4.40619;0.387211;1;1700;1700;0.029;0.33;13.3521
618;62;440;380;4.46025;0.391961;1;1700;1700;0.029;0.33;13.5159
619;114;440;380;4.06639;0.35735;1;1700;1700;0.029;0.33;12.3224
620;269;441;220;0.337974;0.06337;1;490;490;0.075;0.4;0.844934
621;235;441;220;12.2731;2.30121;1;490;490;0.075;0.4;30.6828
622;20;441;220;13.501;2.53145;1;490;490;0.075;0.4;33.7526
623;156;442;220;13.6383;3.99559;1;245;245;0.15;0.512;26.6373
624;270;442;220;0.608323;0.178219;1;245;245;0.15;0.512;1.18813
625;87;442;220;8.22948;2.41098;1;245;245;0.15;0.512;16.0732
626;271;443;380;1.17078;0.102887;1;1700;1700;0.029;0.33;3.54783
627;62;443;380;0.360248;0.0316581;1;1700;1700;0.029;0.33;1.09166
628;272;443;380;0.115651;0.0101633;1;1700;1700;0.029;0.33;0.350457
629;128;444;220;6.12424;1.79421;1;245;245;0.15;0.512;11.9614
630;273;444;220;1.96072;0.367635;1;490;490;0.075;0.4;4.9018
631;274;444;220;11.1031;2.08183;1;490;490;0.075;0.4;27.7577
632;229;444;220;27.4934;8.05471;1;245;245;0.15;0.512;53.6981
633;275;445;380;20.9231;1.83869;1;1700;1700;0.029;0.33;63.4032
634;1;445;380;0.542124;0.0476412;1;1700;1700;0.029;0.33;1.6428
635;116;445;380;0.267778;0.023532;1;1700;1700;0.029;0.33;0.811447
636;276;446;220;9.56524;1.79348;1;490;490;0.075;0.4;23.9131
637;277;446;220;3.23597;0.606745;1;490;490;0.075;0.4;8.08993
638;162;446;220;0.544548;0.102103;1;490;490;0.075;0.4;1.36137
639;173;447;380;15.4742;1.35985;1;1700;1700;0.029;0.33;46.8915
640;278;447;380;0.0249436;0.00219202;1;1700;1700;0.029;0.33;0.0755868
641;139;447;380;8.99296;0.790291;1;1700;1700;0.029;0.33;27.2514
642;279;448;220;13.5223;2.53543;1;490;490;0.075;0.4;33.8058
643;173;448;220;11.1349;2.08779;1;490;490;0.075;0.4;27.8372
644;280;448;220;0.0728856;0.0136661;1;490;490;0.075;0.4;0.182214
645;231;449;220;12.24872;2.29664;2;490;850;0.0375;0.2;30.6218
646;281;449;220;2.5076;0.470176;2;490;850;0.0375;0.2;6.26901
647;226;449;220;0.841108;0.1577078;2;490;850;0.0375;0.2;2.10277
648;282;450;220;0.1469396;0.0275512;2;490;850;0.0375;0.2;0.367349
649;1;450;220;10.54624;1.97742;2;490;850;0.0375;0.2;26.3656
650;283;450;220;8.67068;1.625752;2;490;850;0.0375;0.2;21.6767
651;134;451;220;14.35112;2.69084;2;490;850;0.0375;0.2;35.8778
652;216;451;220;9.24984;1.734346;2;490;850;0.0375;0.2;23.1246
653;215;451;220;0.082942;0.01555162;2;490;850;0.0375;0.2;0.207355
654;214;452;220;6.91797;1.297116;3;490;1470;0.025;0.133333;17.2949
655;284;452;220;0.2705211;0.0507228;3;490;1470;0.025;0.133333;0.676303
656;285;452;220;3.95265;0.74112;3;490;1470;0.025;0.133333;9.88159
657;151;453;380;0.348982;0.0306681;1;1700;1700;0.029;0.33;1.05752
658;286;453;380;5.56519;0.489062;1;1700;1700;0.029;0.33;16.8642
659;287;453;380;17.9457;1.57705;1;1700;1700;0.029;0.33;54.3809
660;454;292;220;0.929768;0.1743316;2;490;980;0.0375;0.2;2.32442
661;29;300;220;13.92968;2.61182;2;490;980;0.0375;0.2;34.8242
662;19;454;220;2.23984;0.419972;2;490;980;0.0375;0.2;5.59962
